OID_,MAX,Avg_Cap
1,4.150000095,2.3
2,3.949999809,2.3
3,3.949999809,2.3
4,4.349999905,2.3
5,4.75,2.3
6,3.75,2.3
7,3.549999952,2.3
8,4.349999905,2.3
9,3.75,2.3
10,3.949999809,2.3
11,3.949999809,2.3
12,3.349999905,2.3
13,3.949999809,2.3
14,3.549999952,2.3
15,3.75,2.3
16,4.150000095,2.3
17,3.549999952,2.3
18,4.75,2.3
19,3.949999809,2.3
20,4.150000095,2.3
21,3.549999952,2.3
22,3.700000048,0.034
23,4.050000191,3.3
24,3.849999905,3.3
25,3.849999905,3.3
26,3.849999905,3.3
27,4.050000191,3.3
28,4.050000191,3.3
29,3.799999714,3.3
30,3.849999905,3.3
31,4.050000191,3.3
32,4.050000191,3.3
33,3.849999905,3.3
34,3.849999905,3.3
35,4.050000191,3.3
36,4.050000191,3.3
37,3.849999905,3.3
38,4.25,3.3
39,3.849999905,3.3
40,4.050000191,3.3
41,4.050000191,3.3
42,4.400000095,3.3
43,4.050000191,3.3
44,3.849999905,3.3
45,3.5,3.3
46,3.849999905,3.3
47,4.400000095,3.3
48,4.450000286,3.3
49,4.450000286,3.3
50,3.799999714,3.3
51,3.849999905,3.3
52,4.450000286,3.3
53,3.849999905,3.3
54,4.050000191,3.3
55,3.849999905,3.3
56,3.999999762,3.3
57,4.199999809,3.3
58,4.400000095,3.3
59,4.050000191,3.3
60,3.849999905,3.3
61,4.050000191,3.3
62,3.849999905,3.3
63,4.050000191,3.3
64,4.050000191,3.3
65,4.450000286,3.3
66,3.999999762,3.3
67,4.050000191,3.3
68,4.050000191,3.3
69,4.050000191,3.3
70,4.050000191,3.3
71,3.849999905,3.3
72,3.849999905,3.3
73,4.050000191,3.3
74,3.849999905,3.3
75,3.999999762,3.3
76,3.75,3.3
77,4.150000095,1.785714286
78,3.949999809,1.785714286
79,4.75,1.785714286
80,4.349999905,1.785714286
81,4.150000095,1.785714286
82,3.75,1.785714286
83,3.75,1.785714286
84,4.349999905,1.785714286
85,3.549999952,1.785714286
86,3.949999809,1.785714286
87,3.949999809,1.785714286
88,3.75,1.785714286
89,3.949999809,1.785714286
90,3.949999809,1.785714286
91,3.949999809,1.785714286
92,3.949999809,1.785714286
93,3.549999952,1.785714286
94,4.550000191,1.785714286
95,3.949999809,1.785714286
96,3.75,1.785714286
97,4.349999905,1.785714286
98,4.150000095,1.785714286
99,3.549999952,1.785714286
100,4.550000191,1.785714286
101,4.150000095,1.785714286
102,4.75,1.785714286
103,3.950000048,1.785714286
104,3.949999809,1.785714286
105,3.75,1.785714286
106,3.75,1.785714286
107,3.549999952,1.785714286
108,3.75,1.785714286
109,3.549999952,1.785714286
110,4.75,1.785714286
111,3.949999809,1.785714286
112,3.549999952,1.785714286
113,4.75,1.785714286
114,4.349999905,1.785714286
115,4.349999905,1.785714286
116,4.349999905,1.785714286
117,4.150000095,1.785714286
118,4.150000095,1.785714286
119,3.549999952,1.785714286
120,4.75,1.785714286
121,4.550000191,1.785714286
122,4.349999905,1.785714286
123,3.950000048,1.785714286
124,3.949999809,1.785714286
125,4.349999905,1.785714286
126,3.75,1.785714286
127,4.150000095,1.785714286
128,4.349999905,1.785714286
129,3.949999809,1.785714286
130,3.549999952,1.785714286
131,4.150000095,1.785714286
132,3.549999952,1.785714286
133,3.549999952,1.785714286
134,3.949999809,1.785714286
135,3.75,1.785714286
136,4.550000191,1.785714286
137,4.75,1.785714286
138,3.549999952,1.785714286
139,3.949999809,1.785714286
140,3.75,1.785714286
141,3.549999952,1.785714286
142,4.150000095,1.785714286
143,3.149999857,1.785714286
144,4.349999905,1.785714286
145,4.550000191,1.785714286
146,3.549999952,1.785714286
147,4.150000095,1.785714286
148,3.949999809,1.785714286
149,3.949999809,1.785714286
150,4.349999905,1.785714286
151,4.349999905,1.785714286
152,3.549999952,1.785714286
153,4.349999905,1.785714286
154,3.75,1.785714286
155,4.550000191,1.785714286
156,3.75,1.785714286
157,4.75,1.785714286
158,3.950000048,1.785714286
159,4.150000095,1.785714286
160,3.949999809,1.785714286
161,4.75,1.785714286
162,4.349999905,1.785714286
163,4.349999905,1.785714286
164,3.75,1.785714286
165,3.75,1.785714286
166,4.75,1.785714286
167,4.550000191,1.785714286
168,3.549999952,1.785714286
169,4.150000095,1.785714286
170,4.349999905,1.785714286
171,3.949999809,1.785714286
172,3.549999952,1.785714286
173,3.549999952,1.785714286
174,4.150000095,1.785714286
175,4.349999905,1.785714286
176,4.150000095,1.785714286
177,3.950000048,1.785714286
178,3.75,1.785714286
179,3.75,1.785714286
180,4.75,1.785714286
181,3.949999809,1.785714286
182,4.75,1.785714286
183,4.349999905,1.785714286
184,3.75,1.785714286
185,3.75,1.785714286
186,3.75,1.785714286
187,4.150000095,1.785714286
188,4.349999905,1.785714286
189,3.450000048,1.85
190,3.849999905,1.85
191,3.450000048,1.85
192,3.650000095,1.85
193,4.050000191,1.85
194,3.450000048,1.85
195,4.050000191,1.85
196,3.650000095,1.85
197,3.350000143,1.85
198,3.849999905,1.85
199,3.150000095,1.85
200,3.450000048,1.85
201,3.849999905,1.85
202,4.050000191,1.85
203,3.849999905,1.85
204,3.650000095,1.85
205,4.050000191,1.85
206,3.650000095,1.85
207,3.650000095,1.85
208,3.650000095,1.85
209,3.450000048,1.85
210,4.050000191,1.85
211,4.050000191,1.85
212,3.650000095,1.85
213,3.849999905,1.85
214,3.650000095,1.85
215,3.450000048,1.85
216,3.849999905,1.85
217,3.650000095,1.85
218,4.050000191,1.85
219,4.050000191,1.85
220,3.150000095,1.85
221,3.450000048,1.85
222,3.650000095,1.85
223,3.650000095,1.85
224,3.650000095,1.85
225,4.050000191,1.85
226,3.150000095,1.85
227,3.75,1.85
228,3.350000143,1.85
229,3.849999905,1.85
230,3.650000095,1.85
231,3.650000095,1.85
232,3.450000048,1.85
233,3.650000095,1.85
234,3.150000095,1.85
235,3.650000095,1.85
236,3.849999905,1.85
237,4.050000191,1.85
238,3.849999905,1.85
239,4.050000191,1.85
240,3.650000095,1.85
241,3.450000048,1.85
242,3.650000095,1.85
243,3.150000095,1.85
244,4.050000191,1.85
245,3.650000095,1.85
246,4.050000191,1.85
247,3.650000095,1.85
248,3.450000048,1.85
249,4.050000191,1.85
250,3.650000095,1.85
251,3.450000048,1.85
252,3.650000095,1.85
253,3.450000048,1.85
254,3.650000095,1.85
255,3.849999905,1.85
256,3.650000095,1.85
257,3.450000048,1.85
258,3.450000048,1.85
259,3.150000095,1.85
260,3.549999952,1.85
261,3.849999905,1.85
262,3.650000095,1.85
263,3.350000143,1.85
264,3.849999905,1.85
265,3.650000095,1.85
266,3.450000048,1.85
267,3.350000143,1.85
268,3.849999905,1.85
269,3.450000048,1.85
270,4.050000191,1.85
271,3.650000095,1.85
272,3.650000095,1.85
273,3.150000095,1.85
274,3.350000143,1.85
275,3.350000143,1.85
276,3.650000095,1.85
277,3.650000095,1.85
278,4.050000191,1.85
279,3.350000143,1.85
280,3.650000095,1.85
281,3.650000095,1.85
282,3.650000095,1.85
283,4.050000191,1.85
284,4.050000191,1.85
285,3.450000048,1.85
286,3.150000095,1.85
287,4.050000191,1.85
288,3.650000095,1.85
289,3.450000048,1.85
290,3.650000095,1.85
291,3.450000048,1.85
292,3.650000095,1.85
293,4.050000191,1.85
294,3.849999905,1.85
295,3.650000095,1.85
296,3.450000048,1.85
297,3.849999905,1.85
298,4.050000191,1.85
299,3.450000048,1.85
300,3.650000095,1.85
301,3.849999905,1.85
302,4.050000191,1.85
303,3.549999952,1.85
304,4.050000191,1.85
305,4.050000191,1.85
306,3.350000143,1.85
307,3.75,1.85
308,3.549999952,1.85
309,3.650000095,1.85
310,3.650000095,1.85
311,3.350000143,1.85
312,3.450000048,1.85
313,3.650000095,1.85
314,3.650000095,1.85
315,3.450000048,1.85
316,3.650000095,1.85
317,4.050000191,1.85
318,3.350000143,1.85
319,3.150000095,1.85
320,4.050000191,1.85
321,3.650000095,1.85
322,3.849999905,1.85
323,3.650000095,1.85
324,4.25,1.8
325,4.349999905,1.8
326,4.25,1.8
327,4.25,1.8
328,4.349999905,1.8
329,4.349999905,1.8
330,4.25,1.8
331,3.949999809,1.8
332,3.949999809,1.8
333,4.650000095,1.8
334,4.650000095,1.8
335,4.349999905,1.8
336,4.25,1.8
337,4.349999905,1.8
338,3.950000048,1.8
339,4.650000095,1.8
340,3.949999809,1.8
341,4.25,1.8
342,3.949999809,1.8
343,4.349999905,1.8
344,4.650000095,1.8
345,4.349999905,1.8
346,3.949999809,1.8
347,4.349999905,1.8
348,3.949999809,1.8
349,4.650000095,1.8
350,4.650000095,1.8
351,4.25,1.8
352,4.650000095,1.8
353,3.949999809,1.8
354,4.650000095,1.8
355,4.25,1.8
356,3.949999809,1.8
357,4.25,1.8
358,4.650000095,1.8
359,4.25,1.8
360,4.650000095,1.8
361,4.25,1.8
362,3.949999809,1.8
363,4.650000095,1.8
364,4.349999905,1.8
365,4.650000095,1.8
366,4.349999905,1.8
367,4.25,1.8
368,4.349999905,1.8
369,4.349999905,1.8
370,3.949999809,1.8
371,4.650000095,1.8
372,4.650000095,1.8
373,4.349999905,1.8
374,4.650000095,1.8
375,3.949999809,1.8
376,4.25,1.8
377,4.25,1.8
378,3.949999809,1.8
379,4.25,1.8
380,4.25,1.8
381,4.650000095,1.8
382,4.650000095,1.8
383,4.349999905,1.8
384,4.650000095,1.8
385,4.650000095,1.8
386,4.650000095,1.8
387,3.949999809,1.8
388,3.949999809,1.8
389,4.650000095,1.8
390,4.25,1.8
391,4.25,1.8
392,3.949999809,1.8
393,4.25,1.8
394,4.650000095,1.8
395,4.25,1.8
396,3.949999809,1.8
397,4.349999905,1.8
398,3.949999809,1.8
399,4.349999905,1.8
400,4.349999905,1.8
401,4.349999905,1.8
402,4.650000095,1.8
403,4.349999905,1.8
404,4.349999905,1.8
405,4.650000095,1.8
406,4.349999905,1.8
407,3.950000048,1.8
408,3.949999809,1.8
409,4.349999905,1.8
410,4.650000095,1.8
411,4.349999905,1.8
412,4.349999905,1.8
413,4.650000095,1.8
414,4.25,1.8
415,4.349999905,1.8
416,3.949999809,1.8
417,4.25,1.8
418,4.349999905,1.8
419,4.349999905,1.8
420,4.349999905,1.8
421,4.25,1.8
422,4.349999905,1.8
423,3.950000048,1.8
424,4.349999905,1.8
425,4.349999905,1.8
426,4.349999905,1.8
427,4.25,1.8
428,4.349999905,1.8
429,4.349999905,1.8
430,4.650000095,1.8
431,4.650000095,1.8
432,4.25,1.8
433,4.349999905,1.8
434,3.949999809,1.8
435,4.150000095,1.79009009
436,4.150000095,1.79009009
437,3.850000143,1.79009009
438,3.850000143,1.79009009
439,3.650000095,1.79009009
440,4.150000095,1.79009009
441,3.850000143,1.79009009
442,3.650000095,1.79009009
443,4.150000095,1.79009009
444,3.650000095,1.79009009
445,3.949999809,1.79009009
446,4.349999905,1.79009009
447,4.050000191,1.79009009
448,4.150000095,1.79009009
449,3.949999809,1.79009009
450,4.349999905,1.79009009
451,3.949999809,1.79009009
452,4.150000095,1.79009009
453,4.150000095,1.79009009
454,3.850000143,1.79009009
455,3.650000095,1.79009009
456,4.150000095,1.79009009
457,3.650000095,1.79009009
458,4.25,1.79009009
459,3.850000143,1.79009009
460,4.349999905,1.79009009
461,4.449999809,1.79009009
462,4.050000191,1.79009009
463,3.850000143,1.79009009
464,3.949999809,1.79009009
465,4.150000095,1.79009009
466,3.650000095,1.79009009
467,4.150000095,1.79009009
468,3.850000143,1.79009009
469,4.75,1.79009009
470,4.75,1.79009009
471,4.349999905,1.79009009
472,3.949999809,1.79009009
473,3.25,1.79009009
474,3.650000095,1.79009009
475,3.949999809,1.79009009
476,4.75,1.79009009
477,4.75,1.79009009
478,3.650000095,1.79009009
479,3.949999809,1.79009009
480,4.150000095,1.79009009
481,4.150000095,1.79009009
482,3.650000095,1.79009009
483,4.150000095,1.79009009
484,4.349999905,1.79009009
485,3.650000095,1.79009009
486,4.449999809,1.79009009
487,3.949999809,1.79009009
488,4.150000095,1.79009009
489,3.949999809,1.79009009
490,3.850000143,1.79009009
491,4.150000095,1.79009009
492,4.349999905,1.79009009
493,3.949999809,1.79009009
494,4.150000095,1.79009009
495,3.949999809,1.79009009
496,3.850000143,1.79009009
497,4.150000095,1.79009009
498,3.650000095,1.79009009
499,4.150000095,1.79009009
500,3.949999809,1.79009009
501,4.349999905,1.79009009
502,4.150000095,1.79009009
503,3.949999809,1.79009009
504,4.150000095,1.79009009
505,4.75,1.79009009
506,4.550000191,1.79009009
507,4.150000095,1.79009009
508,4.75,1.79009009
509,3.949999809,1.79009009
510,4.75,1.79009009
511,3.949999809,1.79009009
512,3.650000095,1.79009009
513,4.150000095,1.79009009
514,4.050000191,1.79009009
515,4.150000095,1.79009009
516,4.349999905,1.79009009
517,3.25,1.79009009
518,3.75,1.79009009
519,3.949999809,1.79009009
520,4.150000095,1.79009009
521,3.850000143,1.79009009
522,4.150000095,1.79009009
523,4.25,1.79009009
524,4.150000095,1.79009009
525,3.949999809,1.79009009
526,4.449999809,1.79009009
527,3.949999809,1.79009009
528,3.850000143,1.79009009
529,4.75,1.79009009
530,4.150000095,1.79009009
531,3.650000095,1.79009009
532,4.150000095,1.79009009
533,3.850000143,1.79009009
534,3.949999809,1.79009009
535,3.850000143,1.79009009
536,3.650000095,1.79009009
537,4.449999809,1.79009009
538,3.850000143,1.79009009
539,4.150000095,1.79009009
540,3.850000143,1.79009009
541,4.150000095,1.79009009
542,3.949999809,1.79009009
543,3.850000143,1.79009009
544,4.75,1.79009009
545,4.150000095,1.79009009
546,3.700000048,3
547,3.400000095,3
548,3.700000048,3
549,3.700000048,3
550,3.700000048,3
551,3.700000048,3
552,3.400000095,3
553,3.400000095,3
554,3.400000095,3
555,3.700000048,3
556,3.600000143,3
557,3.600000143,3
558,3.5,3
559,3.700000048,3
560,3.700000048,3
561,3.400000095,3
562,3.700000048,3
563,3.700000048,3
564,3.400000095,3
565,3.400000095,3
566,3.5,3
567,3.400000095,3
568,3.400000095,3
569,3.700000048,3
570,3.400000095,3
571,3.5,3
572,3.700000048,3
573,3.700000048,3
574,3.400000095,3
575,3.5,3
576,3.400000095,3
577,3.400000095,3
578,3.5,3
579,4.400000095,2
580,3.999999762,2
581,3.999999762,2
582,4.199999809,2
583,4.400000095,2
584,3.999999762,2
585,4.400000095,2
586,3.999999762,2
587,4.400000095,2
588,3.999999762,2
589,4.199999809,2
590,3.900000095,2
591,4.100000381,2
592,4.400000095,2
593,3.799999714,2
594,4.400000095,2
595,3.999999762,2
596,3.900000095,2
597,3.999999762,2
598,4.400000095,2
599,4.199999809,2
600,4.100000381,2
601,3.999999762,2
602,3.799999714,2
603,3.900000095,2
604,3.999999762,2
605,3.999999762,2
606,3.799999714,2
607,4.400000095,2
608,3.999999762,2
609,3.799999714,2
610,4.400000095,2
611,4.100000381,2
612,3.999999762,2
613,4.199999809,2
614,3.799999714,2
615,4.199999809,2
616,4.199999809,2
617,3.999999762,2
618,4.400000095,2
619,4.400000095,2
620,4.100000381,2
621,3.999999762,2
622,3.799999714,2
623,3.900000095,2
624,4.400000095,2
625,4.199999809,2
626,3.799999714,2
627,4.599999905,2
628,3.999999762,2
629,4.400000095,2
630,4.400000095,2
631,4.199999809,2
632,3.999999762,2
633,4.199999809,2
634,3.999999762,2
635,3.799999714,2
636,4.100000381,2
637,4.400000095,2
638,4.100000381,2
639,4.400000095,2
640,4.400000095,2
641,4.599999905,2
642,3.799999714,2
643,4.199999809,2
644,4.100000381,2
645,3.900000095,2
646,4.199999809,2
647,4.199999809,2
648,3.999999762,2
649,3.799999714,2
650,4.100000381,2
651,3.999999762,2
652,4.199999809,2
653,4.400000095,2
654,3.999999762,2
655,4.199999809,2
656,3.999999762,2
657,3.799999714,2
658,3.999999762,2
659,4.300000191,2
660,4.599999905,2
661,3.799999714,2
662,4.400000095,2
663,4.199999809,2
664,4.400000095,2
665,4.300000191,2
666,4.400000095,2
667,3.900000095,2
668,4.100000381,2
669,4.400000095,2
670,3.999999762,2
671,4.400000095,2
672,4.400000095,2
673,3.999999762,2
674,4.400000095,2
675,4.199999809,2
676,4.199999809,2
677,4.199999809,2
678,4.100000381,2
679,4.400000095,2
680,4.199999809,2
681,3.799999714,2
682,3.799999714,2
683,4.400000095,2
684,3.5,2
685,3.799999714,2
686,4.300000191,2
687,3.999999762,2
688,4.100000381,2
689,3.999999762,2
690,3.799999714,2
691,4.199999809,2
692,3.799999714,2
693,3.999999762,2
694,4.100000381,2
695,4.400000095,2
696,4.199999809,2
697,4.199999809,2
698,3.999999762,2
699,3.999999762,2
700,4.199999809,2
701,4.400000095,2
702,4.400000095,2
703,3.799999714,2
704,4.199999809,2
705,3.999999762,2
706,4.199999809,2
707,3.999999762,2
708,4.400000095,2
709,3.999999762,2
710,4.400000095,2
711,3.999999762,2
712,4.100000381,2
713,3.999999762,2
714,4.400000095,2
715,3.700000048,2
716,3.999999762,2
717,4.400000095,2
718,4.199999809,2
719,3.799999714,2
720,3.799999714,2
721,4.199999809,2
722,4.199999809,2
723,4.100000381,2
724,3.999999762,2
725,3.900000095,2
726,3.999999762,2
727,4.199999809,2
728,3.799999714,2
729,3.999999762,2
730,4.400000095,2
731,4.199999809,2
732,3.799999714,2
733,4.400000095,2
734,3.999999762,2
735,3.999999762,2
736,3.799999714,2
737,4.400000095,2
738,3.999999762,2
739,3.799999714,2
740,4.400000095,2
741,4.199999809,2
742,3.5,2
743,3.999999762,2
744,3.799999714,2
745,3.999999762,2
746,4.199999809,2
747,3.999999762,2
748,3.999999762,2
749,3.999999762,2
750,3.999999762,2
751,3.900000095,2
752,3.700000048,2
753,3.799999714,2
754,3.799999714,2
755,3.900000095,2
756,3.799999714,2
757,4.100000381,2
758,3.999999762,2
759,3.999999762,2
760,3.999999762,2
761,4.100000381,2
762,3.799999714,2
763,4.199999809,2
764,3.999999762,2
765,3.5,2
766,4.300000191,2
767,4.400000095,2
768,4.199999809,2
769,3.799999714,2
770,4.400000095,2
771,4.400000095,2
772,4.400000095,2
773,3.700000048,2
774,3.799999714,2
775,4.400000095,2
776,3.5,2
777,4.199999809,2
778,3.999999762,2
779,3.999999762,2.687027027
780,3.799999714,2.687027027
781,3.799999714,2.687027027
782,3.999999762,2.687027027
783,3.999999762,2.687027027
784,3.999999762,2.687027027
785,3.999999762,2.687027027
786,3.999999762,2.687027027
787,3.799999714,2.687027027
788,4.199999809,2.687027027
789,3.999999762,2.687027027
790,3.999999762,2.687027027
791,3.999999762,2.687027027
792,3.5,2.687027027
793,3.700000048,2.687027027
794,3.999999762,2.687027027
795,4.199999809,2.687027027
796,3.999999762,2.687027027
797,3.999999762,2.687027027
798,3.700000048,2.687027027
799,4.400000095,2.687027027
800,3.999999762,2.687027027
801,3.799999714,2.687027027
802,4.400000095,2.687027027
803,3.999999762,2.687027027
804,3.999999762,2.687027027
805,3.999999762,2.687027027
806,4.199999809,2.687027027
807,3.999999762,2.687027027
808,3.999999762,2.687027027
809,3.900000095,2.687027027
810,3.900000095,2.687027027
811,3.799999714,2.687027027
812,3.999999762,2.687027027
813,3.700000048,2.687027027
814,3.799999714,2.687027027
815,3.5,2.687027027
816,3.700000048,2.687027027
817,3.700000048,2.687027027
818,3.999999762,2.687027027
819,3.999999762,2.687027027
820,3.900000095,2.687027027
821,3.799999714,2.687027027
822,4.199999809,2.687027027
823,3.999999762,2.687027027
824,3.799999714,2.687027027
825,3.999999762,2.687027027
826,3.799999714,2.687027027
827,3.799999714,2.687027027
828,4.199999809,2.687027027
829,3.999999762,2.687027027
830,3.700000048,2.687027027
831,3.999999762,2.687027027
832,3.799999714,2.687027027
833,3.999999762,2.687027027
834,4.400000095,2.687027027
835,4.400000095,2.687027027
836,3.700000048,2.687027027
837,3.999999762,2.687027027
838,4.199999809,2.687027027
839,4.100000381,2.687027027
840,3.700000048,2.687027027
841,3.999999762,2.687027027
842,3.999999762,2.687027027
843,3.799999714,2.687027027
844,3.999999762,2.687027027
845,4.100000381,2.687027027
846,3.999999762,2.687027027
847,3.999999762,2.687027027
848,3.999999762,2.687027027
849,4.100000381,2.687027027
850,3.999999762,2.687027027
851,4.400000095,2.687027027
852,3.999999762,2.687027027
853,3.849999905,2.3
854,3.849999905,2.3
855,3.849999905,2.3
856,3.849999905,2.3
857,4.050000191,2.3
858,4.650000095,2.3
859,3.849999905,2.3
860,4.050000191,2.3
861,3.849999905,2.3
862,3.849999905,2.3
863,3.849999905,2.3
864,4.050000191,2.3
865,4.25,2.3
866,4.650000095,2.3
867,4.050000191,2.3
868,4.050000191,2.3
869,3.849999905,2.3
870,4.050000191,2.3
871,3.849999905,2.3
872,3.849999905,2.3
873,4.050000191,2.3
874,3.849999905,2.3
875,3.849999905,2.3
876,4.25,2.3
877,4.050000191,2.3
878,3.849999905,2.3
879,4.050000191,2.3
880,3.849999905,2.3
881,4.050000191,2.3
882,3.849999905,2.3
883,4.050000191,2.3
884,4.25,2.3
885,4.050000191,2.3
886,4.050000191,2.3
887,4.25,2.3
888,3.450000048,2.3
889,3.849999905,2.3
890,3.849999905,2.3
891,4.25,2.3
892,4.25,2.3
893,3.849999905,2.3
894,4.25,2.3
895,4.050000191,2.3
896,3.650000095,2.3
897,3.450000048,2.3
898,4.050000191,2.3
899,4.25,2.3
900,3.849999905,2.3
901,4.050000191,2.3
902,3.849999905,2.3
903,4.25,2.3
904,4.050000191,2.3
905,3.849999905,2.3
906,3.849999905,2.3
907,4.050000191,2.3
908,4.050000191,2.3
909,4.25,2.3
910,3.849999905,2.3
911,4.050000191,2.3
912,3.650000095,2.3
913,4.050000191,2.3
914,4.050000191,2.3
915,3.849999905,2.3
916,4.25,2.3
917,4.050000191,2.3
918,4.050000191,2.3
919,3.849999905,2.3
920,4.25,2.3
921,3.849999905,2.3
922,3.849999905,2.3
923,3.849999905,2.3
924,4.050000191,2.3
925,3.650000095,2.3
926,3.350000143,2.3
927,3.75,2.3
928,3.549999952,2.3
929,3.75,2.3
930,4.050000191,2.3
931,3.650000095,2.3
932,3.75,2.3
933,3.849999905,2.3
934,3.049999952,2.3
935,3.450000048,2.3
936,4.050000191,2.3
937,3.650000095,2.3
938,3.650000095,2.3
939,3.450000048,2.3
940,3.950000048,2.3
941,3.75,2.3
942,4.050000191,2.3
943,3.549999952,2.3
944,4.050000191,2.3
945,3.450000048,2.3
946,3.849999905,2.3
947,4.050000191,2.3
948,4.050000191,2.3
949,3.450000048,2.3
950,3.650000095,2.3
951,3.549999952,2.3
952,3.450000048,2.3
953,4.050000191,2.3
954,3.549999952,2.3
955,3.150000095,2.3
956,4.050000191,2.3
957,3.75,2.3
958,3.650000095,2.3
959,3.75,2.3
960,3.549999952,2.3
961,3.75,2.3
962,3.549999952,2.3
963,3.849999905,2.3
964,3.650000095,2.3
965,3.549999952,2.3
966,3.75,2.3
967,3.150000095,2.3
968,4.050000191,2.3
969,3.849999905,2.3
970,3.849999905,2.3
971,3.650000095,2.3
972,3.650000095,2.3
973,3.450000048,2.3
974,4.25,2.3
975,3.450000048,2.3
976,3.849999905,2.3
977,3.450000048,2.3
978,3.450000048,2.3
979,4.050000191,2.3
980,3.75,2.3
981,4.050000191,2.3
982,4.25,0.1
983,4.25,0.1
984,4.25,0.116666667
985,3.949999809,3.15
986,4.050000191,3.15
987,3.950000048,3.15
988,4.450000286,3.15
989,3.549999952,3.15
990,3.949999809,3.15
991,3.949999809,3.15
992,4.650000095,3.15
993,3.949999809,3.15
994,3.549999952,3.15
995,3.149999857,3.15
996,3.450000048,3.15
997,3.75,3.15
998,3.850000143,3.15
999,4.650000095,3.15
1000,3.549999952,3.15
1001,4.150000095,3.15
1002,4.25,3.15
1003,3.75,3.15
1004,4.050000191,3.15
1005,3.450000048,3.15
1006,3.75,3.15
1007,3.650000095,3.15
1008,4.050000191,3.15
1009,3.849999905,3.15
1010,3.549999952,3.15
1011,4.050000191,3.15
1012,3.850000143,3.15
1013,4.650000095,3.15
1014,3.849999905,3.15
1015,4.650000095,3.15
1016,4.25,3.15
1017,3.25,3.15
1018,3.650000095,3.15
1019,3.650000095,3.15
1020,4.150000095,3.15
1021,4.050000191,3.15
1022,4.25,3.15
1023,4.650000095,3.15
1024,3.75,3.15
1025,4.050000191,3.15
1026,3.949999809,3.15
1027,4.150000095,3.15
1028,4.349999905,3.15
1029,4.650000095,3.15
1030,4.150000095,3.15
1031,3.849999905,3.15
1032,3.349999905,3.15
1033,4.050000191,3.15
1034,3.549999952,3.15
1035,3.75,3.15
1036,4.650000095,3.15
1037,3.75,3.15
1038,3.949999809,3.15
1039,4.25,3.15
1040,3.549999952,3.15
1041,3.849999905,3.15
1042,3.549999952,3.15
1043,4.150000095,3.15
1044,3.75,3.15
1045,4.349999905,3.15
1046,3.650000095,3.15
1047,4.25,3.15
1048,3.650000095,3.15
1049,3.25,3.15
1050,3.549999952,3.15
1051,3.650000095,3.15
1052,3.650000095,3.15
1053,4.150000095,3.15
1054,4.450000286,3.15
1055,3.849999905,3.15
1056,4.650000095,3.15
1057,3.650000095,3.15
1058,3.75,3.15
1059,3.25,3.15
1060,3.75,3.15
1061,4.450000286,3.15
1062,3.849999905,3.15
1063,3.849999905,3.15
1064,3.849999905,3.15
1065,4.050000191,3.15
1066,4.650000095,3.15
1067,4.25,3.15
1068,4.25,3.15
1069,3.75,3.15
1070,3.850000143,3.15
1071,3.650000095,3.15
1072,3.650000095,3.15
1073,3.650000095,3.15
1074,4.650000095,3.15
1075,4.050000191,3.15
1076,3.849999905,3.15
1077,3.650000095,3.15
1078,4.450000286,3.15
1079,4.050000191,3.15
1080,3.700000048,2.72
1081,3.5,2.72
1082,3.700000048,2.72
1083,3.5,2.72
1084,3.700000048,2.72
1085,3.700000048,2.72
1086,3.700000048,2.72
1087,3.700000048,2.72
1088,3.700000048,2.72
1089,3.5,2.72
1090,3.5,2.72
1091,3.5,2.72
1092,3.700000048,2.72
1093,3.700000048,2.72
1094,3.5,2.72
1095,3.700000048,2.72
1096,3.5,2.72
1097,3.700000048,2.72
1098,3.700000048,2.72
1099,3.700000048,2.72
1100,3.700000048,2.72
1101,3.5,2.72
1102,3.700000048,2.72
1103,3.5,2.72
1104,3.400000095,2.72
1105,3.400000095,2.72
1106,3.5,2.72
1107,3.5,2.72
1108,3.400000095,2.72
1109,3.700000048,2.72
1110,3.5,2.72
1111,3.700000048,2.72
1112,3.5,2.72
1113,3.200000048,2.72
1114,3.5,2.72
1115,3.5,2.72
1116,3.400000095,2.72
1117,3.099999905,2.72
1118,3.700000048,2.72
1119,3.5,2.72
1120,3.5,2.72
1121,3.5,2.72
1122,3.700000048,2.72
1123,3.400000095,2.72
1124,3.5,2.72
1125,3.5,2.72
1126,3.5,2.72
1127,3.5,2.72
1128,3.5,2.72
1129,3.700000048,2.72
1130,3.700000048,2.72
1131,3.5,2.72
1132,3.099999905,2.72
1133,3.200000048,2.72
1134,3.700000048,2.72
1135,3.5,2.72
1136,3.700000048,2.72
1137,3.5,2.72
1138,3.700000048,2.72
1139,3.5,2.72
1140,3.400000095,2.72
1141,3.400000095,2.72
1142,3.700000048,2.72
1143,3.700000048,2.72
1144,3.700000048,2.72
1145,3.700000048,2.72
1146,3.200000048,2.72
1147,3.700000048,2.72
1148,3.700000048,2.72
1149,3.400000095,2.72
1150,3.700000048,2.72
1151,3.299999952,2.72
1152,3.799999714,1
1153,3.900000095,1.5
1154,4.199999809,1.5
1155,4.199999809,1.5
1156,4.599999905,1.5
1157,3.900000095,1.5
1158,4.300000191,1.5
1159,4.300000191,1.5
1160,4.199999809,1.5
1161,3.900000095,1.5
1162,4.599999905,1.5
1163,4.199999809,1.5
1164,3.900000095,1.5
1165,4.599999905,1.5
1166,3.900000095,1.5
1167,4.599999905,1.5
1168,4.599999905,1.5
1169,4.300000191,1.5
1170,4.199999809,1.5
1171,4.599999905,1.5
1172,4.599999905,1.5
1173,4.300000191,1.5
1174,4.300000191,1.5
1175,4.199999809,1.5
1176,3.900000095,1.5
1177,4.300000191,1.5
1178,4.199999809,1.5
1179,4.300000191,1.5
1180,3.900000095,1.5
1181,4.199999809,1.5
1182,4.199999809,1.5
1183,4.300000191,1.5
1184,3.900000095,1.5
1185,4.300000191,1.5
1186,3.900000095,1.5
1187,4.599999905,1.5
1188,4.599999905,1.5
1189,4.300000191,1.5
1190,4.199999809,1.5
1191,4.199999809,1.5
1192,4.599999905,1.5
1193,4.199999809,1.5
1194,3.900000095,1.5
1195,3.900000095,1.5
1196,4.599999905,1.5
1197,4.199999809,1.5
1198,4.300000191,1.5
1199,4.599999905,1.5
1200,4.300000191,1.5
1201,3.900000095,1.5
1202,4.300000191,1.5
1203,3.900000095,1.5
1204,4.599999905,1.5
1205,4.199999809,1.5
1206,3.900000095,1.5
1207,4.199999809,1.5
1208,4.599999905,1.5
1209,3.900000095,1.5
1210,4.199999809,1.5
1211,4.300000191,1.5
1212,4.599999905,1.5
1213,3.900000095,1.5
1214,4.599999905,1.5
1215,3.900000095,1.5
1216,4.199999809,1.5
1217,4.599999905,1.5
1218,4.199999809,1.5
1219,4.199999809,1.5
1220,4.599999905,1.5
1221,4.599999905,1.5
1222,4.199999809,1.5
1223,4.300000191,1.5
1224,3.900000095,1.5
1225,4.300000191,1.5
1226,4.599999905,1.5
1227,4.199999809,1.5
1228,4.599999905,1.5
1229,4.199999809,1.5
1230,4.199999809,1.5
1231,4.599999905,1.5
1232,4.300000191,1.5
1233,3.900000095,1.5
1234,3.900000095,1.5
1235,3.900000095,1.5
1236,4.199999809,1.5
1237,4.199999809,1.5
1238,3.900000095,1.5
1239,4.300000191,1.5
1240,3.900000095,1.5
1241,4.199999809,1.5
1242,3.900000095,1.5
1243,4.300000191,1.5
1244,3.900000095,1.5
1245,4.599999905,1.5
1246,3.900000095,1.5
1247,4.199999809,1.5
1248,3.900000095,1.5
1249,4.599999905,1.5
1250,4.300000191,1.5
1251,4.599999905,1.5
1252,3.900000095,1.5
1253,4.050000191,2.3
1254,3.849999905,2.3
1255,4.25,2.3
1256,3.849999905,2.3
1257,4.25,2.3
1258,4.050000191,2.3
1259,4.050000191,2.3
1260,4.050000191,2.3
1261,4.050000191,2.3
1262,3.849999905,2.3
1263,4.050000191,2.3
1264,3.849999905,2.3
1265,4.050000191,2.3
1266,4.050000191,2.3
1267,4.25,2.3
1268,4.25,2.3
1269,4.050000191,2.3
1270,3.849999905,2.3
1271,3.849999905,2.3
1272,4.050000191,2.3
1273,4.25,2.3
1274,4.25,2.3
1275,4.050000191,2.3
1276,3.849999905,2.3
1277,4.050000191,2.3
1278,3.849999905,2.3
1279,3.849999905,2.3
1280,4.050000191,2.3
1281,4.050000191,2.3
1282,3.849999905,2.3
1283,3.849999905,2.3
1284,3.849999905,2.3
1285,4.050000191,2.3
1286,4.25,2.3
1287,4.050000191,2.3
1288,4.050000191,2.3
1289,4.650000095,2.3
1290,4.450000286,2.3
1291,3.849999905,2.3
1292,4.650000095,2.3
1293,3.849999905,2.3
1294,4.050000191,2.3
1295,4.050000191,2.3
1296,3.949999809,2
1297,4.199999809,1.6
1298,4.550000191,1.6
1299,4.599999905,1.6
1300,4.350000381,1.6
1301,3.799999714,1.6
1302,4.350000381,1.6
1303,4.599999905,1.6
1304,3.950000048,1.6
1305,3.999999762,1.6
1306,4.350000381,1.6
1307,4.599999905,1.6
1308,4.150000095,1.6
1309,4.199999809,1.6
1310,4.150000095,1.6
1311,4.25,1.6
1312,4.599999905,1.6
1313,4.350000381,1.6
1314,3.75,1.6
1315,4.150000095,1.6
1316,4.150000095,1.6
1317,4.350000381,1.6
1318,4.150000095,1.6
1319,3.950000048,1.6
1320,3.75,1.6
1321,4.25,1.6
1322,4.550000191,1.6
1323,4.599999905,1.6
1324,4.25,1.6
1325,4.350000381,1.6
1326,4.199999809,1.6
1327,4.350000381,1.6
1328,4.150000095,1.6
1329,3.950000048,1.6
1330,3.549999952,1.6
1331,4.550000191,1.6
1332,4.199999809,1.6
1333,3.849999905,1.6
1334,4.550000191,1.6
1335,4.350000381,1.6
1336,4.150000095,1.6
1337,4.199999809,1.6
1338,4.599999905,1.6
1339,3.950000048,1.6
1340,4.150000095,1.6
1341,4.350000381,1.6
1342,4.599999905,1.6
1343,4.150000095,1.6
1344,3.849999905,1.6
1345,4.350000381,1.6
1346,3.950000048,1.6
1347,4.350000381,1.6
1348,4.050000191,1.6
1349,4.150000095,1.6
1350,4.550000191,1.6
1351,4.199999809,1.6
1352,4.350000381,1.6
1353,4.550000191,1.6
1354,4.150000095,1.6
1355,4.350000381,1.6
1356,4.199999809,1.6
1357,4.350000381,1.6
1358,4.550000191,1.6
1359,3.950000048,1.6
1360,4.150000095,1.6
1361,4.199999809,1.6
1362,3.849999905,1.6
1363,3.799999714,1.6
1364,3.75,1.6
1365,3.950000048,1.6
1366,4.400000095,1.6
1367,3.849999905,1.6
1368,4.150000095,1.6
1369,4.550000191,1.6
1370,3.75,1.6
1371,4.599999905,1.6
1372,4.150000095,1.6
1373,3.849999905,1.6
1374,3.75,1.6
1375,3.75,1.6
1376,4.599999905,1.6
1377,4.599999905,1.6
1378,3.950000048,1.6
1379,4.150000095,1.6
1380,3.950000048,1.6
1381,4.550000191,1.6
1382,3.75,1.6
1383,3.849999905,1.6
1384,3.75,1.6
1385,3.75,1.6
1386,3.950000048,1.6
1387,4.150000095,1.6
1388,4.550000191,1.6
1389,3.849999905,1.6
1390,4.25,1.6
1391,4.599999905,1.6
1392,3.75,1.6
1393,4.199999809,1.6
1394,4.550000191,1.6
1395,3.950000048,1.6
1396,3.75,1.6
1397,3.999999762,1.6
1398,3.75,1.6
1399,4.199999809,1.6
1400,3.950000048,1.6
1401,4.25,1.6
1402,3.75,1.6
1403,3.849999905,1.6
1404,3.950000048,1.6
1405,4.550000191,1.6
1406,4.150000095,1.6
1407,4.199999809,1.6
1408,4.599999905,1.6
1409,4.150000095,1.6
1410,4.550000191,1.6
1411,4.199999809,1.6
1412,4.350000381,1.6
1413,4.050000191,1.6
1414,3.849999905,1.6
1415,3.849999905,1.6
1416,4.550000191,1.6
1417,3.75,1.6
1418,3.849999905,1.6
1419,3.849999905,1.6
1420,4.199999809,1.6
1421,4.150000095,1.6
1422,4.350000381,1.6
1423,4.150000095,1.6
1424,3.950000048,1.6
1425,4.199999809,1.6
1426,4.550000191,1.6
1427,4.400000095,1.6
1428,4.199999809,1.6
1429,4.199999809,1.6
1430,3.849999905,1.6
1431,4.550000191,1.6
1432,4.25,1.6
1433,4.150000095,1.6
1434,3.950000048,1.6
1435,3.75,1.6
1436,3.950000048,1.6
1437,4.350000381,1.6
1438,4.050000191,1.6
1439,3.950000048,1.6
1440,4.350000381,1.6
1441,4.199999809,1.6
1442,3.849999905,1.6
1443,4.150000095,1.6
1444,4.400000095,1.6
1445,4.350000381,1.6
1446,4.599999905,1.6
1447,4.199999809,1.6
1448,4.150000095,1.6
1449,3.75,1.6
1450,4.599999905,1.6
1451,4.350000381,1.6
1452,3.950000048,1.6
1453,4.150000095,1.6
1454,4.350000381,1.6
1455,4.150000095,1.6
1456,3.950000048,1.6
1457,4.599999905,1.6
1458,4.400000095,1.6
1459,4.350000381,1.6
1460,4.350000381,1.6
1461,4.350000381,1.6
1462,3.75,1.6
1463,4.150000095,1.6
1464,4.150000095,1.6
1465,4.350000381,1.6
1466,4.199999809,1.6
1467,3.799999714,1.6
1468,4.199999809,1.6
1469,3.75,1.6
1470,4.150000095,1.6
1471,4.350000381,1.6
1472,4.150000095,1.6
1473,4.550000191,1.6
1474,3.950000048,1.6
1475,4.150000095,1.6
1476,3.950000048,1.6
1477,4.150000095,1.6
1478,4.199999809,1.6
1479,4.400000095,1.6
1480,3.950000048,1.6
1481,3.950000048,1.6
1482,4.199999809,1.6
1483,3.75,1.6
1484,4.400000095,1.6
1485,4.599999905,1.6
1486,4.25,1.6
1487,4.25,1.6
1488,4.350000381,1.6
1489,4.400000095,1.6
1490,4.599999905,1.6
1491,4.350000381,1.6
1492,3.75,1.6
1493,4.25,1.6
1494,3.75,1.6
1495,4.599999905,1.6
1496,3.849999905,1.6
1497,4.550000191,1.6
1498,4.150000095,1.6
1499,4.25,1.6
1500,3.75,1.6
1501,4.199999809,1.6
1502,4.150000095,1.6
1503,4.550000191,1.6
1504,4.150000095,1.6
1505,4.550000191,1.6
1506,3.950000048,1.6
1507,3.950000048,1.6
1508,4.25,1.6
1509,3.849999905,1.6
1510,4.199999809,1.6
1511,3.950000048,1.6
1512,4.050000191,1.6
1513,4.599999905,1.6
1514,4.550000191,1.6
1515,4.599999905,1.6
1516,4.050000191,1.6
1517,4.150000095,1.6
1518,4.199999809,1.6
1519,3.950000048,1.6
1520,4.550000191,1.6
1521,4.25,1.6
1522,4.350000381,1.6
1523,3.75,1.6
1524,4.050000191,1.6
1525,3.950000048,1.6
1526,4.050000191,1.6
1527,4.050000191,1.6
1528,4.150000095,1.6
1529,4.400000095,1.6
1530,4.150000095,1.6
1531,4.150000095,1.6
1532,4.150000095,1.6
1533,3.950000048,1.6
1534,3.999999762,1.6
1535,4.599999905,1.6
1536,4.550000191,1.6
1537,4.150000095,1.6
1538,4.350000381,1.6
1539,3.849999905,1.6
1540,4.150000095,1.6
1541,4.199999809,1.6
1542,4.350000381,1.6
1543,4.550000191,1.6
1544,4.199999809,1.6
1545,4.550000191,1.6
1546,4.150000095,1.6
1547,4.150000095,1.6
1548,4.350000381,1.6
1549,4.199999809,1.6
1550,4.350000381,1.6
1551,4.150000095,1.6
1552,4.550000191,1.6
1553,3.75,1.6
1554,3.999999762,1.6
1555,4.400000095,1.6
1556,4.550000191,1.6
1557,4.150000095,1.6
1558,4.550000191,1.6
1559,4.150000095,1.6
1560,4.25,1.6
1561,3.75,1.6
1562,4.150000095,1.6
1563,4.550000191,1.6
1564,3.75,1.6
1565,4.550000191,1.6
1566,4.150000095,1.6
1567,3.950000048,1.6
1568,4.150000095,1.6
1569,3.950000048,1.6
1570,4.25,1.6
1571,4.150000095,1.6
1572,4.150000095,1.6
1573,3.950000048,1.6
1574,3.950000048,1.6
1575,3.349999905,1.6
1576,4.550000191,1.6
1577,4.150000095,1.6
1578,4.150000095,1.6
1579,3.75,1.6
1580,3.75,1.6
1581,3.950000048,1.6
1582,3.75,1.6
1583,3.75,1.6
1584,3.549999952,1.6
1585,4.150000095,1.6
1586,4.150000095,1.6
1587,3.75,1.6
1588,4.150000095,1.6
1589,3.75,1.6
1590,3.599999905,2.064516129
1591,4.100000381,2.064516129
1592,3.799999952,2.064516129
1593,4,2.064516129
1594,3.599999905,2.064516129
1595,4.300000191,2.064516129
1596,3.600000143,2.064516129
1597,3.200000048,2.064516129
1598,3.400000095,2.064516129
1599,3.400000095,2.064516129
1600,3.799999952,2.064516129
1601,3.799999952,2.064516129
1602,3.599999905,2.064516129
1603,4,2.064516129
1604,4.100000381,2.064516129
1605,3.599999905,2.064516129
1606,3.700000048,2.064516129
1607,3.900000095,2.064516129
1608,4,2.064516129
1609,3.599999905,2.064516129
1610,3.599999905,2.064516129
1611,3.400000095,2.064516129
1612,3.200000048,2.064516129
1613,4.100000381,2.064516129
1614,4.300000191,2.064516129
1615,3.5,2.064516129
1616,4,2.064516129
1617,4,2.064516129
1618,3.599999905,2.064516129
1619,3.799999952,2.064516129
1620,4,2.064516129
1621,3.400000095,2.064516129
1622,3.5,2.064516129
1623,3.5,2.064516129
1624,3.400000095,2.064516129
1625,4,2.064516129
1626,4,2.064516129
1627,3.5,2.064516129
1628,3.599999905,2.064516129
1629,3.599999905,2.064516129
1630,4,2.064516129
1631,3.600000143,2.064516129
1632,4,2.064516129
1633,3.599999905,2.064516129
1634,4,2.064516129
1635,3.599999905,2.064516129
1636,3.799999952,2.064516129
1637,3.900000095,2.064516129
1638,4,2.064516129
1639,4,2.064516129
1640,4,2.064516129
1641,3.5,2.064516129
1642,3.400000095,2.064516129
1643,4.300000191,2.064516129
1644,3.799999952,2.064516129
1645,4,2.064516129
1646,3.700000048,2.064516129
1647,4,2.064516129
1648,3.700000048,2.064516129
1649,3.200000048,2.064516129
1650,4,2.064516129
1651,3.599999905,2.064516129
1652,4.350000381,2
1653,4.350000381,2
1654,4.550000191,2
1655,4.550000191,2
1656,4.350000381,2
1657,4.150000095,2
1658,4.25,2.5
1659,3.849999905,2.5
1660,4.25,2.5
1661,4.350000381,2
1662,3.449999809,2.5
1663,4.150000095,2
1664,4.25,2.5
1665,3.649999857,2.5
1666,3.950000048,2
1667,4.550000191,2
1668,4.350000381,2
1669,4.350000381,2.5
1670,4.25,2.5
1671,3.849999905,2.5
1672,4.150000095,2.5
1673,3.849999905,2.5
1674,4.350000381,2.5
1675,4.150000095,2
1676,3.450000048,2.5
1677,3.950000048,2.5
1678,4.350000381,2.5
1679,4.150000095,2.5
1680,4.350000381,2.5
1681,4.050000191,2.5
1682,4.150000095,2
1683,4.350000381,2
1684,4.350000381,2
1685,4.350000381,2
1686,4.550000191,2
1687,4.050000191,2.5
1688,4.25,2.5
1689,4.25,2.5
1690,3.849999905,2.5
1691,4.150000095,2
1692,4.349999905,2
1693,4.349999905,2
1694,3.849999905,0.66
1695,4.050000191,0.66
1696,3.849999905,0.66
1697,3.849999905,0.66
1698,4.050000191,0.66
1699,4.050000191,0.66
1700,4.050000191,0.66
1701,3.849999905,0.66
1702,4.25,0.66
1703,3.849999905,0.66
1704,4.050000191,0.66
1705,3.849999905,0.66
1706,3.849999905,0.66
1707,4.25,0.66
1708,4.050000191,0.66
1709,4.25,0.66
1710,4.050000191,0.66
1711,4.050000191,0.66
1712,4.050000191,0.66
1713,3.849999905,0.66
1714,3.75,0.66
1715,3.849999905,0.66
1716,4.050000191,0.66
1717,4.050000191,0.66
1718,4.050000191,0.66
1719,4.050000191,0.66
1720,3.849999905,0.66
1721,3.849999905,0.66
1722,4.050000191,0.66
1723,3.849999905,0.66
1724,4.050000191,0.66
1725,4.050000191,0.66
1726,4.050000191,0.66
1727,4.050000191,0.66
1728,3.849999905,0.66
1729,3.849999905,0.66
1730,4.050000191,0.66
1731,4.050000191,0.66
1732,4.050000191,0.66
1733,3.849999905,0.66
1734,3.549999952,0.66
1735,3.849999905,0.66
1736,4.25,0.66
1737,4.050000191,0.66
1738,3.849999905,0.66
1739,3.849999905,0.66
1740,4.050000191,0.66
1741,3.849999905,0.66
1742,3.75,0.66
1743,3.849999905,0.66
1744,3.849999905,0.66
1745,4.050000191,0.66
1746,4.25,0.66
1747,3.849999905,0.66
1748,3.75,0.66
1749,4.050000191,0.66
1750,4.050000191,0.66
1751,3.849999905,0.66
1752,4.450000286,0.66
1753,4.050000191,0.66
1754,4.050000191,0.66
1755,4.050000191,0.66
1756,3.549999952,0.66
1757,4.050000191,0.66
1758,3.849999905,0.66
1759,3.849999905,0.66
1760,3.849999905,0.66
1761,4.450000286,0.66
1762,4.450000286,0.66
1763,4.050000191,0.66
1764,4.050000191,0.66
1765,4.050000191,0.66
1766,4.050000191,0.66
1767,4.050000191,0.66
1768,4.25,0.66
1769,3.849999905,0.66
1770,3.849999905,0.66
1771,4.050000191,0.66
1772,3.849999905,0.66
1773,3.549999952,0.66
1774,4.050000191,0.66
1775,4.050000191,0.66
1776,4.050000191,0.66
1777,4.050000191,0.66
1778,3.849999905,0.66
1779,4.050000191,0.66
1780,3.849999905,0.66
1781,3.849999905,0.66
1782,4.050000191,0.66
1783,4.050000191,0.66
1784,4.050000191,0.66
1785,4.650000095,0.66
1786,4.050000191,0.66
1787,3.849999905,0.66
1788,4.050000191,0.66
1789,4.050000191,0.66
1790,3.849999905,0.66
1791,4.050000191,0.66
1792,3.75,0.66
1793,4.050000191,0.66
1794,3.549999952,0.66
1795,4.050000191,0.66
1796,4.050000191,0.66
1797,4.050000191,0.66
1798,4.050000191,0.66
1799,4.050000191,0.66
1800,4.050000191,0.66
1801,3.849999905,0.66
1802,4.050000191,0.66
1803,3.849999905,0.66
1804,3.75,0.66
1805,4.050000191,0.66
1806,4.050000191,0.66
1807,3.849999905,0.66
1808,4.050000191,0.66
1809,4.25,0.66
1810,4.050000191,0.66
1811,3.849999905,0.66
1812,3.849999905,0.66
1813,4.050000191,0.66
1814,3.849999905,0.66
1815,4.25,0.66
1816,3.849999905,0.66
1817,3.849999905,0.66
1818,4.050000191,0.66
1819,4.050000191,0.66
1820,3.849999905,0.66
1821,4.25,0.66
1822,3.849999905,0.66
1823,4.050000191,0.66
1824,3.849999905,0.66
1825,4.25,0.66
1826,3.549999952,0.66
1827,4.050000191,0.66
1828,4.050000191,0.66
1829,3.849999905,0.66
1830,4.050000191,0.66
1831,4.050000191,0.66
1832,4.050000191,0.66
1833,3.75,0.66
1834,4.25,0.66
1835,3.849999905,0.66
1836,3.849999905,0.66
1837,4.050000191,0.66
1838,4.050000191,0.66
1839,4.050000191,0.66
1840,4.050000191,0.66
1841,3.849999905,0.66
1842,4.050000191,0.66
1843,4.050000191,0.66
1844,3.849999905,0.66
1845,4.650000095,0.66
1846,4.650000095,0.66
1847,3.849999905,0.66
1848,3.849999905,0.66
1849,3.849999905,0.66
1850,4.050000191,0.66
1851,4.050000191,0.66
1852,4.050000191,0.66
1853,4.050000191,0.66
1854,3.849999905,0.66
1855,4.050000191,0.66
1856,4.050000191,0.66
1857,4.050000191,0.66
1858,3.849999905,0.66
1859,4.050000191,0.66
1860,4.050000191,0.66
1861,4.050000191,0.66
1862,4.050000191,0.66
1863,3.849999905,0.66
1864,3.799999714,1.25
1865,4.199999809,1.25
1866,3.799999714,1.25
1867,3.999999762,1.25
1868,3.999999762,1.25
1869,4.400000095,1.25
1870,3.799999714,1.25
1871,3.799999714,1.25
1872,3.799999714,1.25
1873,3.799999714,1.25
1874,2.599999905,2.767522936
1875,3.300000191,2.767522936
1876,3.200000048,2.767522936
1877,3.400000095,2.767522936
1878,3.400000095,2.767522936
1879,2.799999952,2.767522936
1880,3.400000095,2.767522936
1881,3.600000143,2.767522936
1882,3.200000048,2.767522936
1883,3.400000095,2.767522936
1884,3.700000048,2.767522936
1885,3.400000095,2.767522936
1886,3.000000238,2.767522936
1887,3.000000238,2.767522936
1888,3.299999952,2.767522936
1889,3.000000238,2.767522936
1890,3.200000286,2.767522936
1891,3.200000286,2.767522936
1892,3.600000143,2.767522936
1893,3.000000238,2.767522936
1894,3.299999952,2.767522936
1895,3.000000238,2.767522936
1896,3.200000048,2.767522936
1897,3.400000095,2.767522936
1898,3.400000095,2.767522936
1899,3.100000143,2.767522936
1900,2.900000095,2.767522936
1901,3,2.767522936
1902,2.800000191,2.767522936
1903,2.5,2.767522936
1904,2.800000191,2.767522936
1905,3.400000095,2.767522936
1906,3.600000143,2.767522936
1907,3.400000095,2.767522936
1908,3.200000048,2.767522936
1909,3.300000191,2.767522936
1910,3,2.767522936
1911,3.200000048,2.767522936
1912,3.799999952,2.767522936
1913,3.400000095,2.767522936
1914,3.400000095,2.767522936
1915,3.200000048,2.767522936
1916,2.799999952,2.767522936
1917,2.799999952,2.767522936
1918,3.000000238,2.767522936
1919,3.200000048,2.767522936
1920,3.400000095,2.767522936
1921,3.200000048,2.767522936
1922,3,2.767522936
1923,2.800000191,2.767522936
1924,3.700000048,2.767522936
1925,3.200000048,2.767522936
1926,3.000000238,2.767522936
1927,3.200000048,2.767522936
1928,3.400000095,2.767522936
1929,2.600000143,2.767522936
1930,3,2.767522936
1931,2.799999952,2.767522936
1932,3.200000048,2.767522936
1933,3.599999905,2.767522936
1934,3.200000048,2.767522936
1935,3.200000048,2.767522936
1936,2.799999952,2.767522936
1937,3.400000095,2.767522936
1938,3.200000286,2.767522936
1939,3.000000238,2.767522936
1940,3.200000048,2.767522936
1941,3.200000048,2.767522936
1942,3.400000095,2.767522936
1943,3.000000238,2.767522936
1944,3.400000095,2.767522936
1945,3.400000095,2.767522936
1946,3.200000048,2.767522936
1947,2.799999952,2.767522936
1948,3.200000048,2.767522936
1949,3.200000048,2.767522936
1950,2.800000191,2.767522936
1951,3,2.767522936
1952,3.400000095,2.767522936
1953,3.200000048,2.767522936
1954,3.400000095,2.767522936
1955,3.400000095,2.767522936
1956,3.000000238,2.767522936
1957,3.400000095,2.767522936
1958,3.200000048,2.767522936
1959,3.000000238,2.767522936
1960,2.800000191,2.767522936
1961,3.200000048,2.767522936
1962,2.400000095,2.767522936
1963,3.099999905,2.767522936
1964,3.400000095,2.767522936
1965,3.200000048,2.767522936
1966,2.600000143,2.767522936
1967,3.400000095,2.767522936
1968,3,2.767522936
1969,3.200000048,2.767522936
1970,2.800000191,2.767522936
1971,2.400000095,2.767522936
1972,3.400000095,2.767522936
1973,3.100000143,2.767522936
1974,2.800000191,2.767522936
1975,2.800000191,2.767522936
1976,3.400000095,2.767522936
1977,3.200000048,2.767522936
1978,3.200000048,2.767522936
1979,3.200000048,2.767522936
1980,2.800000191,2.767522936
1981,3.400000095,2.767522936
1982,3.549999952,4.8
1983,4.050000191,4.8
1984,4.050000191,4.8
1985,3.849999905,4.8
1986,4.050000191,4.8
1987,4.050000191,4.8
1988,3.75,4.8
1989,4.050000191,4.8
1990,3.949999809,4.8
1991,3.549999952,4.8
1992,3.549999952,4.8
1993,4.150000095,4.8
1994,3.75,4.8
1995,3.549999952,4.8
1996,4.050000191,4.8
1997,3.949999809,4.8
1998,4.050000191,4.8
1999,4.050000191,4.8
2000,4.050000191,4.8
2001,3.75,4.8
2002,4.050000191,4.8
2003,3.75,4.8
2004,4.050000191,4.8
2005,4.050000191,4.8
2006,4.25,4.8
2007,4.050000191,4.8
2008,3.549999952,4.8
2009,3.75,4.8
2010,4.050000191,4.8
2011,4.050000191,4.8
2012,3.849999905,4.8
2013,4.050000191,4.8
2014,4.450000286,4.8
2015,3.849999905,4.8
2016,3.849999905,4.8
2017,4.050000191,4.8
2018,4.050000191,4.8
2019,3.549999952,4.8
2020,4.050000191,4.8
2021,3.849999905,4.8
2022,3.849999905,4.8
2023,3.75,4.8
2024,4.050000191,4.8
2025,4.450000286,4.8
2026,4.050000191,4.8
2027,3.849999905,4.8
2028,4.050000191,4.8
2029,3.849999905,4.8
2030,3.75,4.8
2031,3.549999952,4.8
2032,3.75,4.8
2033,4.050000191,4.8
2034,3.849999905,4.8
2035,4.050000191,4.8
2036,3.75,4.8
2037,3.549999952,4.8
2038,4.050000191,4.8
2039,3.75,4.8
2040,3.75,4.8
2041,3.849999905,4.8
2042,4.050000191,4.8
2043,4.050000191,4.8
2044,3.549999952,2.3
2045,3.849999905,2.3
2046,4.050000191,2.3
2047,3.849999905,2.3
2048,3.849999905,2.3
2049,3.75,2.3
2050,3.849999905,2.3
2051,3.849999905,2.3
2052,4.050000191,2.3
2053,4.050000191,2.3
2054,3.849999905,2.3
2055,3.849999905,2.3
2056,4.25,2.3
2057,3.849999905,2.3
2058,4.050000191,2.3
2059,3.849999905,2.3
2060,3.450000048,2.3
2061,3.849999905,2.3
2062,3.849999905,2.3
2063,3.549999952,2.3
2064,4.050000191,2.3
2065,4.050000191,2.3
2066,3.849999905,2.3
2067,4.050000191,2.3
2068,3.849999905,2.3
2069,3.849999905,2.3
2070,3.849999905,2.3
2071,4.050000191,2.3
2072,4.25,2.3
2073,4.050000191,2.3
2074,4.050000191,2.3
2075,4.050000191,2.3
2076,3.849999905,2.3
2077,3.75,2.3
2078,3.549999952,2.3
2079,3.75,2.3
2080,3.849999905,2.3
2081,4.050000191,2.3
2082,3.849999905,2.3
2083,3.849999905,2.3
2084,4.050000191,2.3
2085,3.849999905,2.3
2086,3.75,2.3
2087,3.849999905,2.3
2088,3.849999905,2.3
2089,4.050000191,2.3
2090,3.849999905,2.3
2091,4.050000191,2.3
2092,4.050000191,2.3
2093,4.050000191,2.3
2094,4.050000191,2.3
2095,4.050000191,2.3
2096,4.050000191,2.3
2097,3.849999905,2.3
2098,3.849999905,2.3
2099,4.050000191,2.3
2100,4.050000191,2.3
2101,3.75,2.3
2102,4.050000191,2.3
2103,3.849999905,2.3
2104,3.549999952,2.3
2105,4.050000191,2.3
2106,4.050000191,2.3
2107,4.050000191,2.3
2108,4.050000191,2.3
2109,3.849999905,2.3
2110,3.849999905,2.3
2111,3.849999905,2.3
2112,3.849999905,2.3
2113,3.849999905,2.3
2114,3.849999905,2.3
2115,4.050000191,2.3
2116,4.050000191,2.3
2117,4.599999905,2.82
2118,4.199999809,2.82
2119,4.199999809,2.82
2120,4.199999809,2.82
2121,3.999999762,2.82
2122,3.700000048,2.82
2123,3.549999952,2.82
2124,4.599999905,2.82
2125,4.150000095,2.82
2126,3.299999952,2.82
2127,3.349999905,2.82
2128,4.599999905,2.82
2129,4.199999809,2.82
2130,4.599999905,2.82
2131,4.199999809,2.82
2132,4.599999905,2.82
2133,4.599999905,2.82
2134,3.999999762,2.82
2135,4.199999809,2.82
2136,4.599999905,2.82
2137,3.950000048,2.82
2138,3.999999762,2.82
2139,3.299999952,2.82
2140,3.75,2.82
2141,3.75,2.82
2142,3.700000048,2.82
2143,3.999999762,2.82
2144,3.599999905,2.82
2145,3.399999857,2.82
2146,4.100000381,2.82
2147,4.599999905,2.82
2148,4.199999809,2.82
2149,4.199999809,2.82
2150,4.199999809,2.82
2151,3.349999905,2.82
2152,4.599999905,2.82
2153,3.75,2.82
2154,4.199999809,2.82
2155,4.599999905,2.82
2156,4.150000095,2.82
2157,4.150000095,2.82
2158,3.799999714,2.82
2159,4.199999809,2.82
2160,4.599999905,2.82
2161,3.700000048,2.82
2162,3.75,2.82
2163,4.599999905,2.82
2164,4.599999905,2.82
2165,4.599999905,2.82
2166,4.599999905,2.82
2167,4.199999809,2.82
2168,3.799999714,2.82
2169,4.199999809,2.82
2170,4.199999809,2.82
2171,3.799999714,2.82
2172,4.25,2.82
2173,4.199999809,2.82
2174,4.599999905,2.82
2175,3.799999714,2.82
2176,4.199999809,2.82
2177,4.199999809,2.82
2178,4.599999905,2.82
2179,4.199999809,2.82
2180,3.75,2.82
2181,4.199999809,2.82
2182,3.849999905,2.82
2183,3.799999714,2.82
2184,4.199999809,2.82
2185,3.700000048,2.82
2186,4.599999905,2.82
2187,4.599999905,1.72125
2188,3.799999714,1.72125
2189,3.799999714,1.72125
2190,3.999999762,1.72125
2191,3.900000095,1.72125
2192,4.199999809,1.72125
2193,3.5,1.72125
2194,3.799999714,1.72125
2195,3.799999714,1.72125
2196,3.999999762,1.72125
2197,3.700000048,1.72125
2198,3.999999762,1.72125
2199,4.400000095,1.72125
2200,4.199999809,1.72125
2201,4.400000095,1.72125
2202,3.799999714,1.72125
2203,3.799999714,1.72125
2204,4.199999809,1.72125
2205,4.199999809,1.72125
2206,3.799999714,1.72125
2207,4.599999905,1.72125
2208,4.199999809,1.72125
2209,3.799999714,1.72125
2210,3.799999714,1.72125
2211,4.400000095,1.72125
2212,3.700000048,1.72125
2213,3.799999714,1.72125
2214,3.999999762,1.72125
2215,3.700000048,1.72125
2216,3.799999714,1.72125
2217,3.799999714,1.72125
2218,4.199999809,1.72125
2219,4.599999905,1.72125
2220,3.700000048,1.72125
2221,4.599999905,1.72125
2222,4.199999809,1.72125
2223,3.999999762,1.72125
2224,3.799999714,1.72125
2225,3.700000048,1.72125
2226,3.999999762,1.72125
2227,4.199999809,1.72125
2228,3.700000048,1.72125
2229,4.599999905,1.72125
2230,4.599999905,1.72125
2231,3.5,1.72125
2232,3.5,1.72125
2233,4.199999809,1.72125
2234,3.5,1.72125
2235,4.400000095,1.72125
2236,4.599999905,1.72125
2237,4.199999809,1.72125
2238,4.199999809,1.72125
2239,4.100000381,1.72125
2240,4.400000095,1.72125
2241,3.5,1.72125
2242,3.700000048,1.72125
2243,4.199999809,1.72125
2244,3.799999714,1.72125
2245,3.5,1.72125
2246,4.599999905,1.72125
2247,3.999999762,1.72125
2248,4.199999809,1.72125
2249,4.300000191,1.72125
2250,4.199999809,1.72125
2251,3.999999762,1.72125
2252,3.700000048,1.72125
2253,3.5,1.72125
2254,3.5,1.72125
2255,4.199999809,1.72125
2256,4.199999809,1.72125
2257,3.700000048,1.72125
2258,3.700000048,1.72125
2259,3.700000048,1.72125
2260,3.700000048,1.72125
2261,4.400000095,1.72125
2262,3.799999714,1.72125
2263,4.400000095,1.72125
2264,4.400000095,1.72125
2265,4.400000095,1.72125
2266,3.799999714,1.72125
2267,3.799999714,1.72125
2268,3.900000095,1.72125
2269,3.999999762,1.72125
2270,4.400000095,1.72125
2271,3.5,1.72125
2272,3.799999714,1.72125
2273,3.5,1.72125
2274,4.300000191,1.72125
2275,3.700000048,1.72125
2276,3.999999762,1.72125
2277,3.700000048,1.72125
2278,4.400000095,1.72125
2279,4.199999809,1.72125
2280,4.400000095,1.72125
2281,4.199999809,1.72125
2282,3.700000048,1.72125
2283,3.5,1.72125
2284,3.799999714,1.72125
2285,3.999999762,1.72125
2286,4.100000381,1.72125
2287,3.999999762,1.72125
2288,3.5,1.72125
2289,3.5,1.72125
2290,4.599999905,1.72125
2291,4.199999809,1.72125
2292,3.799999714,1.72125
2293,3.799999714,1.72125
2294,3.5,1.72125
2295,4.100000381,1.72125
2296,3.799999714,1.72125
2297,4.199999809,1.72125
2298,3.999999762,1.72125
2299,3.700000048,1.72125
2300,4.100000381,1.72125
2301,3.999999762,1.72125
2302,4.400000095,1.72125
2303,3.799999714,1.72125
2304,3.700000048,1.72125
2305,4.599999905,1.72125
2306,3.999999762,1.72125
2307,3.5,2
2308,3.5,2
2309,3.399999857,2
2310,3.700000048,2
2311,3.999999762,2
2312,3.700000048,2
2313,3.999999762,2
2314,3.399999857,2
2315,3.399999857,2
2316,3.299999952,2
2317,3.5,2
2318,3.999999762,2
2319,3.399999857,2
2320,3.999999762,2
2321,3.5,2
2322,3.799999714,2
2323,3.999999762,2
2324,3.700000048,2
2325,3.799999714,2
2326,3.099999905,2
2327,3.999999762,2
2328,3.599999905,2
2329,3.700000048,2
2330,3.599999905,2
2331,3.399999857,2
2332,3.599999905,2
2333,3.999999762,2
2334,3.700000048,2
2335,3.799999714,2
2336,3.399999857,2
2337,3.399999857,2
2338,3.099999905,2
2339,3.599999905,2
2340,3.700000048,2
2341,3.5,2
2342,3.700000048,2
2343,4.650000095,3
2344,4.25,3
2345,4.450000286,3
2346,4.25,3
2347,4.650000095,3
2348,4.25,3
2349,4.650000095,3
2350,4.650000095,3
2351,4.25,3
2352,4.650000095,3
2353,4.25,3
2354,4.650000095,3
2355,4.650000095,3
2356,4.650000095,3
2357,4.25,3
2358,4.25,3
2359,4.25,3
2360,4.25,3
2361,4.650000095,3
2362,4.25,3
2363,4.650000095,3
2364,4.650000095,3
2365,4.25,3
2366,4.25,3
2367,4.650000095,3
2368,4.25,3
2369,4.650000095,3
2370,4.650000095,3
2371,4.650000095,3
2372,4.25,3
2373,4.650000095,3
2374,4.25,3
2375,4.25,3
2376,4.650000095,3
2377,4.25,3
2378,3.849999905,3
2379,4.450000286,3
2380,4.25,3
2381,4.25,3
2382,4.450000286,3
2383,4.25,3
2384,4.25,3
2385,4.050000191,3
2386,4.349999905,3
2387,3.949999809,3
2388,4.450000286,3
2389,4.450000286,3
2390,4.349999905,3
2391,4.450000286,3
2392,3.849999905,3
2393,3.549999952,3
2394,4.650000095,3
2395,3.849999905,3
2396,4.450000286,3
2397,3.949999809,3
2398,4.450000286,3
2399,4.050000191,3
2400,4.050000191,3
2401,4.25,3
2402,3.849999905,3
2403,4.25,3
2404,4.25,3
2405,4.349999905,3
2406,4.450000286,3
2407,4.450000286,3
2408,4.650000095,3
2409,4.450000286,3
2410,4.25,2.165467626
2411,3.75,2.165467626
2412,3.449999809,2.165467626
2413,3.349999905,2.165467626
2414,3.350000143,2.165467626
2415,3.449999809,2.165467626
2416,4.25,2.165467626
2417,3.25,2.165467626
2418,3.350000143,2.165467626
2419,3.549999952,2.165467626
2420,3.950000048,2.165467626
2421,3.649999857,2.165467626
2422,3.950000048,2.165467626
2423,3.849999905,2.165467626
2424,3.449999809,2.165467626
2425,4.150000095,2.165467626
2426,3.25,2.165467626
2427,3.449999809,2.165467626
2428,3.150000095,2.165467626
2429,4.150000095,2.165467626
2430,3.849999905,2.165467626
2431,3.25,2.165467626
2432,3.849999905,2.165467626
2433,3.449999809,2.165467626
2434,3.950000048,2.165467626
2435,4.050000191,2.165467626
2436,3.75,2.165467626
2437,4.350000381,2.165467626
2438,3.450000048,2.165467626
2439,3.449999809,2.165467626
2440,3.549999952,2.165467626
2441,3.649999857,2.165467626
2442,4.25,2.165467626
2443,3.449999809,2.165467626
2444,3.849999905,2.165467626
2445,3.649999857,2.165467626
2446,3.549999952,2.165467626
2447,4.25,2.165467626
2448,4.550000191,2.165467626
2449,4.25,2.165467626
2450,4.25,2.165467626
2451,4.050000191,2.165467626
2452,4.25,2.165467626
2453,3.950000048,2.165467626
2454,3.950000048,2.165467626
2455,4.25,2.165467626
2456,4.150000095,2.165467626
2457,3.649999857,2.165467626
2458,3.849999905,2.165467626
2459,3.849999905,2.165467626
2460,4.150000095,2.165467626
2461,3.150000095,2.165467626
2462,3.849999905,2.165467626
2463,3.150000095,2.165467626
2464,3.849999905,2.165467626
2465,3.449999809,2.165467626
2466,3.75,2.165467626
2467,3.75,2.165467626
2468,3.449999809,2.165467626
2469,3.950000048,2.165467626
2470,4.150000095,2.165467626
2471,3.75,2.165467626
2472,3.849999905,2.165467626
2473,3.350000143,2.165467626
2474,3.950000048,2.165467626
2475,3.649999857,2.165467626
2476,3.549999952,2.165467626
2477,3.649999857,2.165467626
2478,3.649999857,2.165467626
2479,3.450000048,2.165467626
2480,4.25,2.165467626
2481,3.75,2.165467626
2482,4.25,2.165467626
2483,3.849999905,2.165467626
2484,3.449999809,2.165467626
2485,4.25,2.165467626
2486,3.649999857,2.165467626
2487,3.449999809,2.165467626
2488,3.950000048,2.165467626
2489,4.25,2.165467626
2490,3.649999857,2.165467626
2491,4.25,2.165467626
2492,4.550000191,2.165467626
2493,3.649999857,2.165467626
2494,3.449999809,2.165467626
2495,3.449999809,2.165467626
2496,3.549999952,2.165467626
2497,3.950000048,2.165467626
2498,3.849999905,2.165467626
2499,3.449999809,2.165467626
2500,3.649999857,2.165467626
2501,3.950000048,2.165467626
2502,3.849999905,2.165467626
2503,4.25,2.165467626
2504,3.150000095,2.165467626
2505,3.649999857,2.165467626
2506,4.25,2.165467626
2507,3.549999952,2.165467626
2508,3.849999905,2.165467626
2509,2.950000048,2.165467626
2510,3.950000048,2.165467626
2511,3.150000095,2.165467626
2512,3.950000048,2.165467626
2513,3.849999905,2.165467626
2514,3.849999905,2.165467626
2515,4.150000095,2.165467626
2516,3.550000191,2.165467626
2517,3.849999905,2.165467626
2518,3.449999809,2.165467626
2519,3.75,2.165467626
2520,3.950000048,2.165467626
2521,4.25,2.165467626
2522,3.849999905,2.165467626
2523,3.849999905,2.165467626
2524,3.449999809,2.165467626
2525,3.649999857,2.165467626
2526,3.449999809,2.165467626
2527,3.849999905,2.165467626
2528,3.849999905,2.165467626
2529,4.25,2.165467626
2530,4.150000095,2.165467626
2531,3.75,2.165467626
2532,4.550000191,2.165467626
2533,3.849999905,2.165467626
2534,4.25,2.165467626
2535,3.849999905,2.165467626
2536,3.75,2.165467626
2537,3.549999952,2.165467626
2538,3.350000143,2.165467626
2539,3.75,2.165467626
2540,3.449999809,2.165467626
2541,4.25,2.165467626
2542,2.950000048,2.165467626
2543,3.649999857,2.165467626
2544,4.550000191,2.165467626
2545,4.150000095,2.165467626
2546,3.950000048,2.165467626
2547,3.950000048,2.165467626
2548,3.75,2.165467626
2549,4.300000191,1.721239669
2550,4.400000095,1.721239669
2551,3.5,1.721239669
2552,3.5,1.721239669
2553,4.599999905,1.721239669
2554,3.700000048,1.721239669
2555,3.999999762,1.721239669
2556,3.900000095,1.721239669
2557,4.199999809,1.721239669
2558,4.400000095,1.721239669
2559,3.700000048,1.721239669
2560,3.5,1.721239669
2561,3.5,1.721239669
2562,3.999999762,1.721239669
2563,3.700000048,1.721239669
2564,4.199999809,1.721239669
2565,3.799999714,1.721239669
2566,4.100000381,1.721239669
2567,4.400000095,1.721239669
2568,4.400000095,1.721239669
2569,3.5,1.721239669
2570,3.5,1.721239669
2571,3.999999762,1.721239669
2572,4.599999905,1.721239669
2573,3.700000048,1.721239669
2574,4.400000095,1.721239669
2575,4.199999809,1.721239669
2576,3.799999714,1.721239669
2577,3.5,1.721239669
2578,3.799999714,1.721239669
2579,3.5,1.721239669
2580,3.700000048,1.721239669
2581,4.199999809,1.721239669
2582,3.700000048,1.721239669
2583,3.799999714,1.721239669
2584,3.700000048,1.721239669
2585,3.799999714,1.721239669
2586,3.999999762,1.721239669
2587,4.199999809,1.721239669
2588,3.700000048,1.721239669
2589,4.199999809,1.721239669
2590,3.5,1.721239669
2591,3.5,1.721239669
2592,4.199999809,1.721239669
2593,4.400000095,1.721239669
2594,3.5,1.721239669
2595,3.999999762,1.721239669
2596,3.700000048,1.721239669
2597,3.999999762,1.721239669
2598,3.700000048,1.721239669
2599,3.700000048,1.721239669
2600,3.700000048,1.721239669
2601,4.199999809,1.721239669
2602,3.999999762,1.721239669
2603,3.900000095,1.721239669
2604,3.700000048,1.721239669
2605,3.700000048,1.721239669
2606,4.199999809,1.721239669
2607,3.700000048,1.721239669
2608,3.700000048,1.721239669
2609,4.599999905,1.721239669
2610,3.700000048,1.721239669
2611,4.199999809,1.721239669
2612,3.799999714,1.721239669
2613,3.5,1.721239669
2614,3.700000048,1.721239669
2615,4.599999905,1.721239669
2616,3.999999762,1.721239669
2617,3.5,1.721239669
2618,4.300000191,1.721239669
2619,4.400000095,1.721239669
2620,4.199999809,1.721239669
2621,3.5,1.721239669
2622,4.400000095,1.721239669
2623,3.700000048,1.721239669
2624,4.199999809,1.721239669
2625,3.5,1.721239669
2626,3.5,1.721239669
2627,3.5,1.721239669
2628,3.5,1.721239669
2629,3.5,1.721239669
2630,4.400000095,1.721239669
2631,3.5,1.721239669
2632,3.799999714,1.721239669
2633,4.400000095,1.721239669
2634,3.5,1.721239669
2635,3.900000095,1.721239669
2636,3.700000048,1.721239669
2637,4.400000095,1.721239669
2638,4.199999809,1.721239669
2639,4.400000095,1.721239669
2640,4.199999809,1.721239669
2641,4.400000095,1.721239669
2642,3.999999762,1.721239669
2643,4.599999905,1.721239669
2644,4.599999905,1.721239669
2645,3.5,1.721239669
2646,3.5,1.721239669
2647,4.199999809,1.721239669
2648,4.400000095,1.721239669
2649,4.300000191,1.721239669
2650,3.900000095,1.721239669
2651,3.999999762,1.721239669
2652,4.400000095,1.721239669
2653,3.900000095,1.721239669
2654,4.199999809,1.721239669
2655,3.799999714,1.721239669
2656,3.999999762,1.721239669
2657,3.5,1.721239669
2658,3.900000095,1.721239669
2659,3.999999762,1.721239669
2660,3.700000048,1.721239669
2661,3.700000048,1.721239669
2662,3.5,1.721239669
2663,3.999999762,1.721239669
2664,3.700000048,1.721239669
2665,4.599999905,1.721239669
2666,3.799999714,1.721239669
2667,4.599999905,1.721239669
2668,3.700000048,1.721239669
2669,3.999999762,1.721239669
2670,4.25,1.5
2671,3.900000095,1.5
2672,3.900000095,1.5
2673,3.650000095,1.5
2674,3.949999809,1.5
2675,4.299999714,1.5
2676,3.849999905,1.5
2677,3.849999905,1.5
2678,3.450000048,1.5
2679,3.650000095,1.5
2680,3.950000048,1.5
2681,4.25,1.5
2682,3.849999905,1.5
2683,4.450000286,1.5
2684,3.650000095,1.5
2685,3.949999809,1.5
2686,4.25,1.5
2687,4.5,1.5
2688,4.5,1.5
2689,3.75,1.5
2690,3.900000095,1.5
2691,3.75,1.5
2692,3.900000095,1.5
2693,4.25,1.5
2694,4.050000191,1.5
2695,3.849999905,1.5
2696,3.849999905,1.5
2697,3.650000095,1.5
2698,3.850000143,1.5
2699,3.849999905,1.5
2700,4.25,1.5
2701,3.849999905,1.5
2702,3.900000095,1.5
2703,4.25,1.5
2704,4.300000191,1.5
2705,4.100000381,1.5
2706,4.25,1.5
2707,4.349999905,1.5
2708,4.5,1.5
2709,4.650000095,1.5
2710,3.650000095,1.5
2711,4.450000286,1.5
2712,3.75,1.5
2713,4.650000095,1.5
2714,3.650000095,1.5
2715,4.300000191,1.5
2716,4.5,1.5
2717,3.849999905,1.5
2718,3.450000048,1.5
2719,3.450000048,1.5
2720,4.299999714,1.5
2721,4.050000191,1.5
2722,4.299999714,1.5
2723,4.050000191,1.5
2724,4.650000095,1.5
2725,3.900000095,1.5
2726,4.650000095,1.5
2727,3.950000048,1.5
2728,4.349999905,1.5
2729,3.450000048,1.5
2730,4.050000191,1.5
2731,4.25,1.5
2732,4.25,1.5
2733,4.050000191,1.5
2734,4.25,1.5
2735,3.900000095,1.5
2736,4.25,1.5
2737,3.850000143,1.5
2738,4.050000191,1.5
2739,4.299999714,1.5
2740,4.050000191,1.5
2741,3.450000048,1.5
2742,4.450000286,1.5
2743,4.25,1.5
2744,4.450000286,1.5
2745,3.900000095,1.5
2746,4.100000381,1.5
2747,3.549999952,1.5
2748,4.25,1.5
2749,4.650000095,1.5
2750,4.699999809,1.5
2751,3.849999905,1.5
2752,4.300000191,1.5
2753,4.650000095,1.5
2754,3.849999905,1.5
2755,4.25,1.5
2756,4.299999714,1.5
2757,4.25,1.5
2758,3.849999905,1.5
2759,4.699999809,1.5
2760,4.25,1.5
2761,3.450000048,1.5
2762,4.100000381,1.5
2763,4.650000095,1.5
2764,3.849999905,1.5
2765,4.25,1.5
2766,3.450000048,1.5
2767,3.849999905,1.5
2768,4.650000095,1.5
2769,3.350000143,1.5
2770,4.100000381,1.5
2771,3.849999905,1.5
2772,4.299999714,1.5
2773,4.100000381,1.5
2774,4.299999714,1.5
2775,4.650000095,1.5
2776,4.299999714,1.5
2777,4.25,1.5
2778,4.349999905,1.5
2779,3.849999905,1.5
2780,4.050000191,1.5
2781,4.25,1.5
2782,3.900000095,1.5
2783,4.25,1.5
2784,3.850000143,1.5
2785,4.299999714,1.5
2786,3.849999905,1.5
2787,3.849999905,1.5
2788,3.849999905,1.5
2789,4.100000381,1.5
2790,3.849999905,1.5
2791,3.650000095,1.5
2792,4.450000286,1.5
2793,4.050000191,1.5
2794,3.950000048,1.5
2795,4.450000286,1.5
2796,4.5,1.5
2797,4.050000191,1.5
2798,3.450000048,1.5
2799,4.25,1.5
2800,4.100000381,1.5
2801,4.299999714,1.5
2802,3.650000095,1.5
2803,4.25,1.5
2804,3.5,3.377627119
2805,3.000000238,3.377627119
2806,3.5,3.377627119
2807,3.700000048,3.377627119
2808,3.400000095,3.377627119
2809,4.100000381,3.377627119
2810,2.800000191,3.377627119
2811,4.300000191,3.377627119
2812,3.200000048,3.377627119
2813,3.599999905,3.377627119
2814,3.200000048,3.377627119
2815,2.800000191,3.377627119
2816,4.599999905,3.377627119
2817,3.600000143,3.377627119
2818,3.600000143,3.377627119
2819,3.5,3.377627119
2820,3.600000143,3.377627119
2821,3.200000048,3.377627119
2822,3.000000238,3.377627119
2823,4.599999905,3.377627119
2824,3.200000048,3.377627119
2825,3.599999905,3.377627119
2826,3.5,3.377627119
2827,3.600000143,3.377627119
2828,3.5,3.377627119
2829,3.900000095,3.377627119
2830,4,3.377627119
2831,3.600000143,3.377627119
2832,3.900000095,3.377627119
2833,3.099999905,3.377627119
2834,4,3.377627119
2835,3.200000048,3.377627119
2836,4.300000191,3.377627119
2837,3.200000048,3.377627119
2838,4,3.377627119
2839,3.600000143,3.377627119
2840,3.200000048,3.377627119
2841,3.000000238,3.377627119
2842,4,3.377627119
2843,3.200000048,3.377627119
2844,3.5,3.377627119
2845,3.700000048,3.377627119
2846,3.200000048,3.377627119
2847,3.200000048,3.377627119
2848,4.300000191,3.377627119
2849,3.299999952,3.377627119
2850,3.900000095,3.377627119
2851,3.600000143,3.377627119
2852,4.300000191,3.377627119
2853,3.5,3.377627119
2854,3.700000048,3.377627119
2855,3.200000048,3.377627119
2856,4,3.377627119
2857,3.400000095,3.377627119
2858,3.5,3.377627119
2859,3.400000095,3.377627119
2860,3.200000048,3.377627119
2861,3.799999952,3.377627119
2862,3.099999905,3.377627119
2863,3.799999952,2.3
2864,3.999999762,2.3
2865,3.400000095,2.3
2866,3.700000048,2.3
2867,2.900000095,2.3
2868,3.299999952,2.3
2869,3.200000048,2.3
2870,3.999999762,2.3
2871,3.100000143,2.3
2872,3.100000143,2.3
2873,3.400000095,2.3
2874,3.200000048,2.3
2875,3.200000048,2.3
2876,3.200000048,2.3
2877,3.200000048,2.3
2878,3.700000048,2.3
2879,3.200000048,2.3
2880,2.900000095,2.3
2881,3.400000095,2.3
2882,3.5,2.3
2883,3.100000143,2.3
2884,3.700000048,2.3
2885,3.100000143,2.3
2886,4.100000381,2.3
2887,3.999999762,2.3
2888,3.400000095,2.3
2889,2.900000095,2.3
2890,3.700000048,2.3
2891,3.5,2.3
2892,3.100000143,2.3
2893,3.400000095,2.3
2894,3.599999905,2.3
2895,3.400000095,2.3
2896,3.400000095,2.3
2897,3.400000095,2.3
2898,3.200000048,2.3
2899,3.900000095,2.3
2900,3.200000048,2.3
2901,3.400000095,2.3
2902,3.5,2.3
2903,3.700000048,2.3
2904,3.700000048,2.3
2905,3.200000048,2.3
2906,3.700000048,2.3
2907,3.400000095,2.3
2908,3.100000143,2.3
2909,3.799999952,2.3
2910,3.200000048,2.3
2911,3.700000048,2.3
2912,3.200000048,2.3
2913,2.900000095,2.3
2914,3.200000048,2.3
2915,3.400000095,2.3
2916,3.700000048,2.3
2917,3.700000048,2.3
2918,3.400000095,2.3
2919,3.700000048,2.3
2920,3.5,2.3
2921,3.799999714,2.3
2922,3.5,2.3
2923,3.700000048,2.3
2924,3.799999714,2.3
2925,3.5,2.3
2926,3.200000048,2.3
2927,3.400000095,2.3
2928,3.100000143,2.3
2929,2.900000095,2.3
2930,3.5,2.3
2931,3.400000095,2.3
2932,3.299999952,2.3
2933,2.900000095,2.3
2934,2.900000095,2.3
2935,3.799999952,2.3
2936,3.700000048,2.3
2937,3.400000095,2.3
2938,2.900000095,2.3
2939,3.5,2.3
2940,3.600000143,2.3
2941,3.700000048,2.3
2942,2.900000095,2.3
2943,3.400000095,2.3
2944,3.999999762,2.3
2945,3.799999714,2.3
2946,2.900000095,2.3
2947,3.400000095,2.3
2948,3.400000095,2.3
2949,3.5,2.3
2950,3.400000095,2.3
2951,3.400000095,2.3
2952,3.200000048,2.3
2953,3.400000095,2.3
2954,3.5,2.3
2955,2.900000095,2.3
2956,3.200000048,2.3
2957,3.400000095,2.3
2958,3.700000048,2.3
2959,3.100000143,2.3
2960,3.700000048,2.3
2961,2.900000095,2.3
2962,4,2.3
2963,3.400000095,2.3
2964,3.400000095,2.3
2965,3.200000048,2.3
2966,3.400000095,2.3
2967,3.100000143,2.3
2968,3.100000143,2.3
2969,3.700000048,3.227903226
2970,3.799999714,3.227903226
2971,4.199999809,3.227903226
2972,4.599999905,3.227903226
2973,4.300000191,3.227903226
2974,3.75,3.227903226
2975,3.900000095,3.227903226
2976,4.599999905,3.227903226
2977,4.199999809,3.227903226
2978,4.300000191,3.227903226
2979,3.900000095,3.227903226
2980,4.199999809,3.227903226
2981,3.599999905,3.227903226
2982,3.999999762,3.227903226
2983,4.599999905,3.227903226
2984,4.300000191,3.227903226
2985,3.900000095,3.227903226
2986,3.900000095,3.227903226
2987,4.599999905,3.227903226
2988,4.300000191,3.227903226
2989,4.599999905,3.227903226
2990,3.849999905,3.227903226
2991,4.599999905,3.227903226
2992,4.599999905,3.227903226
2993,4.599999905,3.227903226
2994,3.849999905,3.227903226
2995,4.300000191,3.227903226
2996,4.599999905,3.227903226
2997,3.399999857,3.227903226
2998,4.550000191,3.227903226
2999,4.25,3.227903226
3000,4.300000191,3.227903226
3001,4.199999809,3.227903226
3002,4.199999809,3.227903226
3003,4.199999809,3.227903226
3004,3.799999714,3.227903226
3005,4.199999809,3.227903226
3006,4.599999905,3.227903226
3007,4.199999809,3.227903226
3008,3.849999905,3.227903226
3009,3.5,3.227903226
3010,4.199999809,3.227903226
3011,3.900000095,3.227903226
3012,4.199999809,3.227903226
3013,4.599999905,3.227903226
3014,4.599999905,3.227903226
3015,4.199999809,3.227903226
3016,4.199999809,3.227903226
3017,4.599999905,3.227903226
3018,4.199999809,3.227903226
3019,3.900000095,3.227903226
3020,4.199999809,3.227903226
3021,4.550000191,3.227903226
3022,4.199999809,3.227903226
3023,4.199999809,3.227903226
3024,4.150000095,3.227903226
3025,4.599999905,3.227903226
3026,3.5,3.227903226
3027,3.849999905,3.227903226
3028,4.300000191,3.227903226
3029,4.599999905,3.227903226
3030,4.599999905,1.6
3031,3.799999714,1.6
3032,4.400000095,1.6
3033,4.400000095,1.6
3034,4.400000095,1.6
3035,4.400000095,1.6
3036,4.199999809,1.6
3037,4.400000095,1.6
3038,4.400000095,1.6
3039,4.199999809,1.6
3040,4.400000095,1.6
3041,4.400000095,1.6
3042,4.199999809,1.6
3043,4.199999809,1.6
3044,4.199999809,1.6
3045,4.400000095,1.6
3046,4.199999809,1.6
3047,4.199999809,1.6
3048,3.799999714,1.6
3049,4.400000095,1.6
3050,4.400000095,1.6
3051,4.400000095,1.6
3052,4.400000095,1.6
3053,4.400000095,1.6
3054,4.400000095,1.6
3055,4.100000381,1.6
3056,4.400000095,1.6
3057,4.400000095,1.6
3058,4.199999809,1.6
3059,4.199999809,1.6
3060,4.199999809,1.6
3061,4.400000095,1.6
3062,4.199999809,1.6
3063,4.400000095,1.6
3064,4.199999809,1.6
3065,4.199999809,1.6
3066,4.400000095,1.6
3067,4.400000095,1.6
3068,3.799999714,1.6
3069,4.400000095,1.6
3070,4.400000095,1.6
3071,4.400000095,1.6
3072,4.400000095,1.6
3073,4.199999809,1.6
3074,4.599999905,1.6
3075,4.400000095,1.6
3076,4.400000095,1.6
3077,4.400000095,1.6
3078,4.199999809,1.6
3079,4.599999905,1.6
3080,4.400000095,1.6
3081,4.199999809,1.6
3082,3.900000095,1.6
3083,4.199999809,1.6
3084,4.199999809,1.6
3085,4.199999809,1.6
3086,4.599999905,1.6
3087,3.900000095,1.6
3088,4.199999809,1.6
3089,4.400000095,1.6
3090,4.400000095,1.6
3091,4.199999809,1.6
3092,4.400000095,1.6
3093,4.100000381,1.6
3094,4.199999809,1.6
3095,3.599999905,2
3096,3.399999857,2
3097,4.199999809,2
3098,3.799999714,2
3099,3.599999905,2
3100,3.999999762,2
3101,3.799999714,2
3102,3.799999714,2
3103,3.999999762,2
3104,3.399999857,2
3105,3.999999762,2
3106,3.999999762,2
3107,3.999999762,2
3108,3.799999714,2
3109,3.799999714,2
3110,4.199999809,2
3111,3.999999762,2
3112,3.599999905,2
3113,4.199999809,2
3114,3.999999762,2
3115,3.999999762,2
3116,3.399999857,2
3117,3.999999762,2
3118,3.999999762,2
3119,3.799999714,2
3120,3.299999952,2
3121,3.999999762,2
3122,3.999999762,2
3123,3.599999905,2
3124,3.5,2
3125,3.399999857,2
3126,3.299999952,2
3127,3.599999905,2
3128,3.599999905,2
3129,3.599999905,2
3130,3.999999762,2
3131,3.599999905,2
3132,3.999999762,2
3133,3.999999762,2
3134,3.999999762,2
3135,3.799999714,2
3136,3.999999762,2
3137,3.999999762,2
3138,3.599999905,2
3139,3.700000048,2
3140,3.999999762,2
3141,3.599999905,2
3142,3.599999905,2
3143,3.5,2
3144,3.5,2
3145,3.399999857,2
3146,3.5,2
3147,3.999999762,2
3148,3.799999714,2
3149,3.399999857,2
3150,3.799999714,2
3151,4.199999809,2
3152,3.799999714,2
3153,3.999999762,2
3154,3.599999905,2
3155,3.999999762,2
3156,4.199999809,2
3157,3.5,2
3158,3.799999714,2
3159,3.799999714,2
3160,3.799999714,2
3161,3.999999762,2
3162,3.999999762,2
3163,3.999999762,2
3164,3.700000048,2
3165,3.299999952,2
3166,3.299999952,2
3167,3.999999762,2
3168,3.399999857,2
3169,3.900000095,2
3170,4.400000095,2
3171,4.699999809,1.8
3172,4.699999809,1.8
3173,4.699999809,1.8
3174,4,1.8
3175,4,1.8
3176,4.299999714,1.8
3177,4.400000095,1.8
3178,4,1.8
3179,4.699999809,1.8
3180,4,1.8
3181,4,1.8
3182,4.299999714,1.8
3183,4.299999714,1.8
3184,4.299999714,1.8
3185,4.400000095,1.8
3186,4.400000095,1.8
3187,4.299999714,1.8
3188,4.299999714,1.8
3189,4,1.8
3190,4.400000095,1.8
3191,4,1.8
3192,4,1.8
3193,4.699999809,1.8
3194,4.400000095,2
3195,4.299999714,1.8
3196,4,1.8
3197,4,1.8
3198,4.400000095,1.8
3199,4.400000095,1.8
3200,4.400000095,2
3201,4,1.8
3202,4.400000095,1.8
3203,4.699999809,1.8
3204,4.699999809,1.8
3205,4,2
3206,4.400000095,2
3207,4.699999809,1.8
3208,4.299999714,1.8
3209,4.299999714,1.8
3210,4.400000095,2
3211,4.400000095,1.8
3212,4,2
3213,4,1.8
3214,4.400000095,1.8
3215,4.699999809,1.8
3216,4.299999714,1.8
3217,4.699999809,1.8
3218,4.699999809,1.8
3219,4,1.8
3220,4.699999809,1.8
3221,4.699999809,1.8
3222,4.699999809,1.8
3223,4.299999714,1.8
3224,4.299999714,1.8
3225,4,1.8
3226,4.050000191,1.5
3227,3.900000095,1.5
3228,4.300000191,1.6
3229,4.299999714,1.5
3230,4.299999714,1.6
3231,4.450000286,1.6
3232,4.100000381,1.5
3233,4.699999809,1.6
3234,4.699999809,1.5
3235,4.650000095,1.6
3236,4.699999809,1.6
3237,3.849999905,1.5
3238,4.650000095,1.6
3239,4.299999714,1.6
3240,4.650000095,1.6
3241,4.699999809,1.5
3242,4.299999714,1.5
3243,4.699999809,1.6
3244,4.699999809,1.6
3245,4.699999809,1.5
3246,4.699999809,1.5
3247,4.299999714,1.5
3248,4,1.5
3249,4.25,1.6
3250,4.25,1.6
3251,4.450000286,1.6
3252,4.650000095,1.6
3253,4.299999714,1.5
3254,4.699999809,1.6
3255,4.650000095,1.6
3256,4,1.5
3257,4.650000095,1.6
3258,4.25,1.6
3259,4.699999809,1.5
3260,4.25,1.6
3261,4.699999809,1.6
3262,4.299999714,1.5
3263,4.699999809,1.6
3264,4.100000381,1.5
3265,4.5,1.5
3266,4.650000095,1.5
3267,4,1.5
3268,4.299999714,1.6
3269,4.299999714,1.6
3270,4,1.5
3271,4.699999809,1.6
3272,4.699999809,1.6
3273,4.699999809,1.5
3274,4.5,1.5
3275,4.699999809,1.6
3276,4,1.5
3277,4.25,1.5
3278,4.25,1.6
3279,4.699999809,1.5
3280,4.699999809,1.6
3281,4.650000095,1.6
3282,4.299999714,1.6
3283,4,1.5
3284,4.699999809,1.5
3285,4.400000095,1.5
3286,4.699999809,1.5
3287,4.25,1.6
3288,4.25,1.6
3289,4.699999809,1.6
3290,4.699999809,1.6
3291,4.25,1.6
3292,4.100000381,1.5
3293,4.25,1.6
3294,4.299999714,1.6
3295,4.400000095,1.5
3296,4.299999714,1.5
3297,4.299999714,1.6
3298,4.699999809,1.5
3299,4.699999809,1.5
3300,4.299999714,1.5
3301,4.5,1.5
3302,4.25,1.5
3303,4,1.5
3304,4.650000095,1.6
3305,4.699999809,1.5
3306,4.450000286,1.6
3307,4.699999809,1.6
3308,4.699999809,1.5
3309,4.299999714,1.6
3310,4.699999809,1.6
3311,4.25,1.5
3312,4.699999809,1.6
3313,4.299999714,1.5
3314,4.400000095,1.5
3315,4.400000095,1.5
3316,4.699999809,1.5
3317,4.699999809,1.5
3318,4.5,1.5
3319,4.699999809,1.6
3320,4.299999714,1.6
3321,4.699999809,1.6
3322,4.300000191,1.5
3323,4.299999714,1.6
3324,3.900000095,1.6
3325,3.999999762,2.508
3326,3.999999762,2.508
3327,4.599999905,2.508
3328,4.599999905,2.508
3329,3.999999762,2.508
3330,3.200000048,2.508
3331,3.799999714,2.508
3332,3.400000095,2.508
3333,3.400000095,2.508
3334,3.799999714,2.508
3335,4.199999809,2.508
3336,3.200000286,2.508
3337,4.199999809,2.508
3338,3.200000048,2.508
3339,4.400000095,2.508
3340,3.200000048,2.508
3341,4.300000191,2.508
3342,3.799999714,2.508
3343,4.400000095,2.508
3344,3.200000286,2.508
3345,3.999999762,2.508
3346,4.199999809,2.508
3347,3.999999762,2.508
3348,4.199999809,2.508
3349,3.799999714,2.508
3350,3.799999952,2.508
3351,3.799999714,2.508
3352,3.999999762,2.508
3353,3.5,2.508
3354,3.300000191,2.508
3355,4.599999905,2.508
3356,3.599999905,2.508
3357,3.000000238,2.508
3358,3.999999762,2.508
3359,3.799999714,2.508
3360,4.199999809,2.508
3361,3.400000095,2.508
3362,3.900000095,2.508
3363,4.100000381,2.508
3364,3.5,2.508
3365,3.5,2.508
3366,3.599999905,2.508
3367,3.799999714,2.508
3368,4.599999905,2.508
3369,3.299999952,2.508
3370,3.999999762,2.508
3371,4,2.508
3372,3.999999762,2.508
3373,4.199999809,2.508
3374,3.799999714,2.508
3375,3.999999762,2.508
3376,2.999999762,2.508
3377,3.600000143,2.508
3378,4,2.508
3379,3.400000095,2.508
3380,3.5,2.508
3381,3.999999762,2.508
3382,3.700000048,2.508
3383,4.199999809,2.508
3384,3.200000048,2.508
3385,3.600000143,2.508
3386,3.599999905,2.508
3387,4.400000095,2.508
3388,3.700000048,2.508
3389,3.900000095,2.508
3390,3.999999762,2.508
3391,4.199999809,2.508
3392,3.400000095,2.508
3393,3.700000048,2.508
3394,3.400000095,2.508
3395,3.200000048,2.508
3396,3.900000095,2.508
3397,4.199999809,2.508
3398,4.599999905,2.508
3399,4.199999809,2.508
3400,3.599999905,2.508
3401,3.799999714,2.508
3402,3.5,2.508
3403,2.800000191,2.508
3404,4.400000095,2.508
3405,3.200000048,2.508
3406,3.999999762,2.508
3407,4.599999905,2.508
3408,3.700000048,2.508
3409,4,2.508
3410,3.799999952,2.508
3411,4,2.508
3412,3.999999762,2.508
3413,3.400000095,2.508
3414,3.299999952,2.508
3415,4.599999905,2.508
3416,4.599999905,2.508
3417,3.599999905,2.508
3418,3.600000143,2.508
3419,3.199999809,2.508
3420,3.799999714,2.508
3421,3.600000143,2.508
3422,3.700000048,2.508
3423,3.799999952,2.508
3424,3.400000095,2.508
3425,3.5,2.508
3426,3.999999762,2.508
3427,3.900000095,2.508
3428,4.100000381,2.508
3429,4.599999905,2.508
3430,3.400000095,2.508
3431,3.700000048,2.508
3432,3.300000191,2.508
3433,3.400000095,2.508
3434,4.199999809,2.508
3435,3.999999762,2.508
3436,3.5,2.508
3437,3.600000143,2.508
3438,3.799999714,2.508
3439,3.900000095,2.508
3440,4.100000381,2.508
3441,3.700000048,2.508
3442,3.900000095,2.508
3443,4,2.508
3444,4.199999809,2.508
3445,3.700000048,2.625047619
3446,3.400000095,2.625047619
3447,3.700000048,2.625047619
3448,3.799999952,2.625047619
3449,3.700000048,2.625047619
3450,3.5,2.625047619
3451,3.200000048,2.625047619
3452,3.5,2.625047619
3453,3.5,2.625047619
3454,3.700000048,2.625047619
3455,3.599999905,2.625047619
3456,3.700000048,2.625047619
3457,3.700000048,2.625047619
3458,3.700000048,2.625047619
3459,3.700000048,2.625047619
3460,3.5,2.625047619
3461,3.400000095,2.625047619
3462,3.5,2.625047619
3463,3.700000048,2.625047619
3464,4.100000381,2.625047619
3465,3.5,2.625047619
3466,3.5,2.625047619
3467,4.100000381,2.625047619
3468,3.5,2.625047619
3469,3.700000048,2.625047619
3470,3.700000048,2.625047619
3471,3.5,2.625047619
3472,3.700000048,2.625047619
3473,3.200000048,2.625047619
3474,3.5,2.625047619
3475,3.700000048,2.625047619
3476,3.700000048,2.625047619
3477,3.700000048,2.625047619
3478,3.5,2.625047619
3479,3.5,2.625047619
3480,3.700000048,2.625047619
3481,3.700000048,2.625047619
3482,3.400000095,2.625047619
3483,3.200000048,2.625047619
3484,3.5,2.625047619
3485,3.700000048,2.625047619
3486,3.700000048,2.625047619
3487,3.700000048,2.625047619
3488,4.100000381,2.625047619
3489,3.900000095,2.625047619
3490,3.700000048,2.625047619
3491,3.700000048,2.625047619
3492,3.5,2.625047619
3493,3.5,2.625047619
3494,3.5,2.625047619
3495,3.400000095,2.625047619
3496,3.700000048,2.625047619
3497,3.700000048,2.625047619
3498,3.5,2.625047619
3499,3.099999905,2.625047619
3500,3.400000095,2.625047619
3501,3.700000048,2.625047619
3502,3.5,2.625047619
3503,3.5,2.625047619
3504,3.700000048,2.625047619
3505,3.700000048,2.625047619
3506,3.700000048,2.625047619
3507,3.700000048,2.625047619
3508,3.700000048,2.625047619
3509,3.5,2.625047619
3510,3.700000048,2.625047619
3511,3.400000095,2.625047619
3512,3.700000048,2.625047619
3513,3.700000048,2.625047619
3514,3.5,2.625047619
3515,3.700000048,2.625047619
3516,3.5,2.625047619
3517,3.700000048,2.625047619
3518,3.900000095,2.625047619
3519,3.5,2.625047619
3520,3.700000048,2.625047619
3521,3.5,2.625047619
3522,3.400000095,2.625047619
3523,3.5,2.625047619
3524,3.700000048,2.625047619
3525,3.200000048,2.625047619
3526,3.400000095,2.625047619
3527,3.700000048,2.625047619
3528,3.5,2.625047619
3529,3.5,2.625047619
3530,3.5,2.625047619
3531,3.200000048,2.625047619
3532,4.100000381,2.625047619
3533,3.5,2.625047619
3534,3.700000048,2.625047619
3535,3.5,2.625047619
3536,3.5,2.625047619
3537,3.700000048,2.625047619
3538,3.5,2.625047619
3539,3.700000048,2.625047619
3540,3.700000048,2.625047619
3541,3.700000048,2.625047619
3542,3.5,2.625047619
3543,3.5,2.625047619
3544,4.100000381,2.625047619
3545,3.700000048,2.625047619
3546,3.700000048,2.625047619
3547,3.700000048,2.625047619
3548,4.050000191,1.5
3549,4.050000191,1.5
3550,4.25,1.5
3551,3.849999905,1.5
3552,4.050000191,1.5
3553,4.050000191,1.5
3554,3.849999905,1.5
3555,4.050000191,1.5
3556,4.050000191,1.5
3557,3.849999905,1.5
3558,4.050000191,1.5
3559,3.849999905,1.5
3560,3.849999905,1.5
3561,4.25,1.5
3562,4.050000191,1.5
3563,3.849999905,1.5
3564,3.849999905,1.5
3565,4.050000191,1.5
3566,3.849999905,1.5
3567,4.050000191,1.5
3568,4.050000191,1.5
3569,3.849999905,1.5
3570,4.650000095,1.5
3571,4.050000191,1.5
3572,4.25,1.5
3573,4.25,1.5
3574,4.050000191,1.5
3575,3.849999905,1.5
3576,3.849999905,1.5
3577,4.050000191,1.5
3578,3.849999905,1.5
3579,3.849999905,1.5
3580,4.050000191,1.5
3581,4.050000191,1.5
3582,4.050000191,1.5
3583,4.050000191,1.5
3584,3.849999905,1.5
3585,4.050000191,1.5
3586,4.050000191,1.5
3587,3.849999905,1.5
3588,3.849999905,1.5
3589,4.050000191,1.5
3590,3.849999905,1.5
3591,4.25,1.5
3592,4.25,1.5
3593,4.25,1.5
3594,3.849999905,1.5
3595,4.650000095,1.5
3596,4.25,1.5
3597,4.050000191,1.5
3598,3.849999905,1.5
3599,3.849999905,1.5
3600,4.25,1.5
3601,4.25,1.5
3602,4.050000191,1.5
3603,4.25,1.5
3604,4.050000191,1.5
3605,3.849999905,1.5
3606,4.650000095,1.5
3607,3.849999905,1.5
3608,4.25,1.5
3609,3.849999905,1.5
3610,4.050000191,1.5
3611,4.050000191,1.5
3612,4.050000191,1.5
3613,4.050000191,1.5
3614,4.25,1.5
3615,4.050000191,1.6
3616,3.849999905,1.6
3617,4.050000191,1.6
3618,3.849999905,1.6
3619,4.050000191,1.6
3620,4.050000191,1.6
3621,4.050000191,1.6
3622,3.849999905,1.6
3623,4.050000191,1.6
3624,3.849999905,1.6
3625,3.849999905,1.6
3626,4.25,1.6
3627,3.849999905,1.6
3628,4.650000095,1.6
3629,4.050000191,1.6
3630,4.050000191,1.6
3631,3.849999905,1.6
3632,4.050000191,1.6
3633,4.650000095,1.6
3634,3.849999905,1.6
3635,4.450000286,1.6
3636,3.849999905,1.6
3637,4.25,1.6
3638,3.849999905,1.6
3639,3.849999905,1.6
3640,3.849999905,1.6
3641,3.849999905,1.6
3642,4.050000191,1.6
3643,4.050000191,1.6
3644,3.849999905,1.6
3645,4.25,1.6
3646,3.849999905,1.6
3647,4.25,1.6
3648,4.650000095,1.6
3649,4.25,1.6
3650,4.650000095,1.6
3651,4.650000095,1.6
3652,4.25,1.6
3653,4.050000191,1.6
3654,4.050000191,1.6
3655,3.849999905,1.6
3656,3.849999905,1.6
3657,3.849999905,1.6
3658,4.25,1.6
3659,4.050000191,1.6
3660,3.849999905,1.6
3661,3.849999905,1.6
3662,4.25,1.6
3663,4.25,1.6
3664,4.050000191,1.6
3665,4.450000286,1.6
3666,4.050000191,1.6
3667,4.050000191,1.6
3668,4.25,1.6
3669,4.050000191,1.6
3670,4.650000095,1.6
3671,3.849999905,1.6
3672,3.849999905,1.6
3673,4.25,1.6
3674,4.050000191,1.6
3675,4.050000191,1.6
3676,4.25,1.6
3677,4.050000191,1.6
3678,4.25,1.5
3679,4.050000191,1.5
3680,3.849999905,1.5
3681,3.849999905,1.5
3682,4.050000191,1.5
3683,3.849999905,1.5
3684,4.050000191,1.5
3685,4.25,1.5
3686,4.050000191,1.5
3687,4.050000191,1.5
3688,4.050000191,1.5
3689,4.050000191,1.5
3690,4.050000191,1.5
3691,4.050000191,1.5
3692,4.050000191,1.5
3693,4.050000191,1.5
3694,3.849999905,1.5
3695,4.050000191,1.5
3696,4.050000191,1.5
3697,3.849999905,1.5
3698,4.050000191,1.5
3699,4.050000191,1.5
3700,3.849999905,1.5
3701,3.849999905,1.5
3702,4.050000191,1.5
3703,4.050000191,1.5
3704,3.849999905,1.5
3705,4.050000191,1.5
3706,3.849999905,1.5
3707,4.050000191,1.5
3708,3.849999905,1.5
3709,3.849999905,1.5
3710,4.599999905,2.094736842
3711,4.300000191,2.094736842
3712,4.400000095,2.094736842
3713,4.199999809,2.094736842
3714,3.900000095,2.094736842
3715,4.199999809,2.094736842
3716,4.300000191,2.094736842
3717,3.599999905,2.094736842
3718,4.100000381,2.094736842
3719,4.400000095,2.094736842
3720,4.199999809,2.094736842
3721,4.199999809,2.094736842
3722,4.599999905,2.094736842
3723,4.599999905,2.094736842
3724,3.700000048,2.094736842
3725,4.300000191,2.094736842
3726,4.100000381,2.094736842
3727,4.599999905,2.094736842
3728,4.300000191,2.094736842
3729,4.400000095,2.094736842
3730,3.900000095,2.094736842
3731,4.300000191,2.094736842
3732,4.300000191,2.094736842
3733,3.599999905,2.094736842
3734,4.199999809,2.094736842
3735,4.199999809,2.094736842
3736,4.100000381,2.094736842
3737,4.400000095,2.094736842
3738,4.199999809,2.094736842
3739,3.900000095,2.094736842
3740,4.300000191,2.094736842
3741,3.900000095,2.094736842
3742,4.100000381,2.094736842
3743,3.799999714,2.094736842
3744,4,2.094736842
3745,4.300000191,2.094736842
3746,4.199999809,2.094736842
3747,4.599999905,2.094736842
3748,4,2.094736842
3749,4.100000381,2.094736842
3750,4.300000191,2.094736842
3751,3.900000095,2.094736842
3752,4.100000381,2.094736842
3753,3.900000095,2.094736842
3754,4.300000191,2.094736842
3755,3.599999905,2.094736842
3756,3.599999905,2.094736842
3757,4.100000381,2.094736842
3758,4.199999809,2.094736842
3759,4.300000191,2.094736842
3760,4.599999905,2.094736842
3761,4.300000191,2.094736842
3762,3.700000048,2.094736842
3763,3.900000095,2.094736842
3764,4,2.094736842
3765,3.799999714,2.094736842
3766,3.900000095,2.094736842
3767,3.900000095,2.094736842
3768,4.300000191,2.094736842
3769,3.799999714,2.094736842
3770,4.199999809,2.094736842
3771,3.900000095,2.094736842
3772,4.300000191,2.094736842
3773,3.900000095,2.094736842
3774,3.599999905,2.094736842
3775,4.300000191,2.094736842
3776,3.900000095,2.094736842
3777,4.300000191,2.094736842
3778,4.599999905,2.094736842
3779,4.100000381,2.094736842
3780,4.100000381,2.094736842
3781,4.300000191,2.094736842
3782,4.300000191,2.094736842
3783,3.599999905,2.094736842
3784,4.300000191,2.094736842
3785,3.599999905,2.094736842
3786,3.900000095,2.094736842
3787,4.400000095,2.094736842
3788,3.900000095,2.094736842
3789,3.900000095,2.094736842
3790,3.799999714,2.094736842
3791,4.300000191,2.094736842
3792,4,2.094736842
3793,4.300000191,2.094736842
3794,4.599999905,2.094736842
3795,3.999999762,2.094736842
3796,3.700000048,2.094736842
3797,4.300000191,2.094736842
3798,3.900000095,2.094736842
3799,4.100000381,2.094736842
3800,4.599999905,2.094736842
3801,4.199999809,2.094736842
3802,4.300000191,2.094736842
3803,3.900000095,2.094736842
3804,4,2.094736842
3805,4.050000191,2.3
3806,3.849999905,2.3
3807,3.549999952,2.3
3808,3.75,2.3
3809,4.050000191,2.3
3810,3.549999952,2.3
3811,3.75,2.3
3812,3.049999952,2.3
3813,4.050000191,2.3
3814,4.050000191,2.3
3815,3.849999905,2.3
3816,3.75,2.3
3817,3.75,2.3
3818,4.050000191,2.3
3819,3.75,2.3
3820,3.150000095,2.3
3821,4.050000191,2.3
3822,3.849999905,2.3
3823,4.050000191,2.3
3824,3.849999905,2.3
3825,3.75,2.3
3826,3.75,2.3
3827,3.849999905,2.3
3828,3.75,2.3
3829,3.450000048,2.3
3830,3.549999952,2.3
3831,3.549999952,2.3
3832,3.549999952,2.3
3833,3.75,2.3
3834,3.549999952,2.3
3835,3.75,2.3
3836,3.75,2.3
3837,3.150000095,2.3
3838,4.050000191,2.3
3839,3.150000095,2.3
3840,3.849999905,2.3
3841,3.75,2.3
3842,3.75,2.3
3843,3.450000048,2.3
3844,3.549999952,2.3
3845,3.75,2.3
3846,3.75,2.3
3847,3.350000143,2.3
3848,3.150000095,2.3
3849,4.050000191,2.3
3850,3.549999952,2.3
3851,3.849999905,2.3
3852,3.849999905,2.3
3853,3.549999952,2.3
3854,3.549999952,2.3
3855,3.549999952,2.3
3856,3.549999952,2.3
3857,3.849999905,2.3
3858,2.849999905,2.3
3859,3.75,2.3
3860,3.75,2.3
3861,4.050000191,2.3
3862,3.75,2.3
3863,3.849999905,2.3
3864,4.050000191,2.3
3865,3.849999905,2.3
3866,3.75,2.3
3867,3.549999952,2.3
3868,3.75,2.3
3869,3.849999905,2.3
3870,3.75,2.3
3871,3.549999952,2.3
3872,4.050000191,2.3
3873,3.849999905,2.3
3874,3.049999952,2.3
3875,4.050000191,2.3
3876,2.849999905,2.3
3877,3.549999952,2.3
3878,3.75,2.3
3879,3.849999905,2.3
3880,3.75,2.3
3881,4.050000191,2.3
3882,3.849999905,2.3
3883,4.050000191,2.3
3884,4.050000191,2.3
3885,4.050000191,2.3
3886,3.549999952,2.3
3887,3.150000095,2.3
3888,3.75,2.3
3889,3.350000143,2.3
3890,3.849999905,2.3
3891,4.050000191,2.3
3892,3.75,2.3
3893,3.150000095,2.3
3894,3.75,2.3
3895,3.150000095,2.3
3896,3.350000143,2.3
3897,3.75,2.3
3898,3.849999905,2.3
3899,3.549999952,2.3
3900,4.050000191,2.3
3901,4.050000191,2.3
3902,3.350000143,2.3
3903,3.849999905,2.3
3904,3.549999952,2.3
3905,3.849999905,2.3
3906,3.549999952,2.3
3907,3.849999905,2.3
3908,4.050000191,2.3
3909,3.849999905,2.3
3910,4.050000191,2.3
3911,3.75,2.3
3912,3.849999905,2.3
3913,3.849999905,2.3
3914,3.350000143,2.3
3915,3.549999952,2.3
3916,4.050000191,2.3
3917,3.75,2.3
3918,3.75,2.3
3919,3.549999952,2.3
3920,3.350000143,2.3
3921,3.849999905,2.3
3922,4.050000191,2.3
3923,4.050000191,2.3
3924,4.050000191,2.3
3925,3.849999905,2.3
3926,4.050000191,2.3
3927,3.75,2.72
